,ticker,date,volume
10,AAP,2015-04-10,-0.0344827586
28,AN,2015-04-10,0.0344827586
72,BJRI,2015-04-10,-0.0344827586
119,BWLD,2015-04-10,-0.0344827586
128,CAB,2015-04-10,0.0344827586
137,CAKE,2015-04-10,-0.0344827586
182,CHEF,2015-04-10,0.0344827586
191,CHUY,2015-04-10,0.0344827586
200,CMG,2015-04-10,0.0344827586
236,CVS,2015-04-10,-0.0344827586
254,DFRG,2015-04-10,-0.0344827586
428,HVT,2015-04-10,0.0344827586
437,HZO,2015-04-10,0.0344827586
520,LL,2015-04-10,-0.0344827586
547,MCD,2015-04-10,0.0344827586
565,MNRO,2015-04-10,-0.0344827586
574,MUSA,2015-04-10,-0.0344827586
592,ORLY,2015-04-10,0.0344827586
662,RCII,2015-04-10,-0.0344827586
689,RRGB,2015-04-10,-0.0344827586
698,RUSHA,2015-04-10,0.0344827586
707,RUTH,2015-04-10,-0.0344827586
735,SEAS,2015-04-10,0.0344827586
744,SFM,2015-04-10,0.0344827586
859,TTS,2015-04-10,0.0344827586
868,TUES,2015-04-10,0.0344827586
877,TXRH,2015-04-10,-0.0344827586
886,WEN,2015-04-10,0.0344827586
913,WOOF,2015-04-10,0.0344827586
101,AAP,2015-05-21,close all
281,AN,2015-04-22,close all
721,BJRI,2015-04-24,close all
1191,BWLD,2015-04-29,close all
1281,CAB,2015-04-23,close all
1371,CAKE,2015-04-23,close all
1821,CHEF,2015-05-07,close all
1911,CHUY,2015-05-05,close all
2001,CMG,2015-04-22,close all
2361,CVS,2015-05-01,close all
2541,DFRG,2015-04-28,close all
4281,HVT,2015-05-05,close all
4371,HZO,2015-04-23,close all
5201,LL,2015-04-29,close all
5471,MCD,2015-04-22,close all
5651,MNRO,2015-05-21,close all
5741,MUSA,2015-05-05,close all
5921,ORLY,2015-04-23,close all
6621,RCII,2015-04-28,close all
6891,RRGB,2015-05-19,close all
6981,RUSHA,2015-04-22,close all
7071,RUTH,2015-05-01,close all
7351,SEAS,2015-05-07,close all
7441,SFM,2015-05-08,close all
8591,TTS,2015-04-21,close all
8681,TUES,2015-05-01,close all
8771,TXRH,2015-05-05,close all
8861,WEN,2015-05-06,close all
9131,WOOF,2015-04-29,close all
29,AN,2015-07-10,-0.0333333333
73,BJRI,2015-07-10,-0.0333333333
120,BWLD,2015-07-10,0.0333333333
129,CAB,2015-07-10,0.0333333333
138,CAKE,2015-07-10,-0.0333333333
183,CHEF,2015-07-10,-0.0333333333
192,CHUY,2015-07-10,-0.0333333333
201,CMG,2015-07-10,-0.0333333333
237,CVS,2015-07-10,0.0333333333
255,DFRG,2015-07-10,0.0333333333
429,HVT,2015-07-10,0.0333333333
438,HZO,2015-07-10,-0.0333333333
455,JACK,2015-07-10,-0.0333333333
521,LL,2015-07-10,-0.0333333333
548,MCD,2015-07-10,-0.0333333333
566,MNRO,2015-07-10,-0.0333333333
575,MUSA,2015-07-10,-0.0333333333
593,ORLY,2015-07-10,-0.0333333333
611,PBPB,2015-07-10,-0.0333333333
663,RCII,2015-07-10,0.0333333333
690,RRGB,2015-07-10,0.0333333333
699,RUSHA,2015-07-10,-0.0333333333
708,RUTH,2015-07-10,-0.0333333333
736,SEAS,2015-07-10,-0.0333333333
745,SFM,2015-07-10,-0.0333333333
860,TTS,2015-07-10,0.0333333333
869,TUES,2015-07-10,-0.0333333333
878,TXRH,2015-07-10,0.0333333333
887,WEN,2015-07-10,-0.0333333333
914,WOOF,2015-07-10,0.0333333333
291,AN,2015-07-22,close all
731,BJRI,2015-07-24,close all
1201,BWLD,2015-07-29,close all
1291,CAB,2015-07-23,close all
1381,CAKE,2015-07-23,close all
1831,CHEF,2015-07-31,close all
1921,CHUY,2015-08-05,close all
2011,CMG,2015-07-22,close all
2371,CVS,2015-08-04,close all
2551,DFRG,2015-07-23,close all
4291,HVT,2015-07-30,close all
4381,HZO,2015-07-22,close all
4551,JACK,2015-08-06,close all
5211,LL,2015-08-05,close all
5481,MCD,2015-07-23,close all
5661,MNRO,2015-07-23,close all
5751,MUSA,2015-08-06,close all
5931,ORLY,2015-07-30,close all
6111,PBPB,2015-08-05,close all
6631,RCII,2015-07-28,close all
6901,RRGB,2015-08-11,close all
6991,RUSHA,2015-07-22,close all
7081,RUTH,2015-07-31,close all
7361,SEAS,2015-08-06,close all
7451,SFM,2015-08-07,close all
8601,TTS,2015-07-21,close all
8691,TUES,2015-08-21,close all
8781,TXRH,2015-08-04,close all
8871,WEN,2015-08-05,close all
9141,WOOF,2015-07-29,close all
3,AAN,2015-10-10,-0.0227272727
12,AAP,2015-10-10,0.0227272727
30,AN,2015-10-10,-0.0227272727
74,BJRI,2015-10-10,0.0227272727
94,BLMN,2015-10-10,0.0227272727
121,BWLD,2015-10-10,-0.0227272727
130,CAB,2015-10-10,-0.0227272727
139,CAKE,2015-10-10,-0.0227272727
148,CAR,2015-10-10,-0.0227272727
184,CHEF,2015-10-10,-0.0227272727
193,CHUY,2015-10-10,0.0227272727
202,CMG,2015-10-10,-0.0227272727
238,CVS,2015-10-10,0.0227272727
256,DFRG,2015-10-10,0.0227272727
292,DNKN,2015-10-10,0.0227272727
354,FRGI,2015-10-10,-0.0227272727
363,FUN,2015-10-10,0.0227272727
430,HVT,2015-10-10,-0.0227272727
439,HZO,2015-10-10,-0.0227272727
456,JACK,2015-10-10,-0.0227272727
504,LAD,2015-10-10,-0.0227272727
522,LL,2015-10-10,-0.0227272727
549,MCD,2015-10-10,-0.0227272727
567,MNRO,2015-10-10,-0.0227272727
576,MUSA,2015-10-10,-0.0227272727
594,ORLY,2015-10-10,-0.0227272727
603,PAG,2015-10-10,-0.0227272727
612,PBPB,2015-10-10,-0.0227272727
647,PZZA,2015-10-10,0.0227272727
664,RCII,2015-10-10,0.0227272727
691,RRGB,2015-10-10,0.0227272727
700,RUSHA,2015-10-10,-0.0227272727
709,RUTH,2015-10-10,0.0227272727
718,SAH,2015-10-10,0.0227272727
727,SBH,2015-10-10,0.0227272727
737,SEAS,2015-10-10,-0.0227272727
746,SFM,2015-10-10,0.0227272727
773,SIX,2015-10-10,-0.0227272727
825,TA,2015-10-10,-0.0227272727
861,TTS,2015-10-10,0.0227272727
870,TUES,2015-10-10,-0.0227272727
879,TXRH,2015-10-10,0.0227272727
888,WEN,2015-10-10,0.0227272727
915,WOOF,2015-10-10,-0.0227272727
31,AAN,2015-10-30,close all
122,AAP,2015-11-12,close all
301,AN,2015-10-28,close all
741,BJRI,2015-10-23,close all
941,BLMN,2015-11-03,close all
1211,BWLD,2015-10-29,close all
1301,CAB,2015-10-22,close all
1391,CAKE,2015-10-27,close all
1481,CAR,2015-11-03,close all
1841,CHEF,2015-11-04,close all
1931,CHUY,2015-11-04,close all
2021,CMG,2015-10-21,close all
2381,CVS,2015-10-30,close all
2561,DFRG,2015-10-13,close all
2921,DNKN,2015-10-22,close all
3541,FRGI,2015-10-30,close all
3631,FUN,2015-11-05,close all
4301,HVT,2015-10-29,close all
4391,HZO,2015-11-03,close all
4561,JACK,2015-11-18,close all
5041,LAD,2015-10-21,close all
5221,LL,2015-11-04,close all
5491,MCD,2015-10-22,close all
5671,MNRO,2015-10-22,close all
5761,MUSA,2015-11-05,close all
5941,ORLY,2015-10-29,close all
6031,PAG,2015-10-29,close all
6121,PBPB,2015-11-04,close all
6471,PZZA,2015-11-04,close all
6641,RCII,2015-10-27,close all
6911,RRGB,2015-11-03,close all
7001,RUSHA,2015-10-21,close all
7091,RUTH,2015-10-30,close all
7181,SAH,2015-10-28,close all
7271,SBH,2015-11-12,close all
7371,SEAS,2015-11-05,close all
7461,SFM,2015-11-05,close all
7731,SIX,2015-10-20,close all
8251,TA,2015-11-09,close all
8611,TTS,2015-10-20,close all
8701,TUES,2015-10-30,close all
8791,TXRH,2015-11-03,close all
8881,WEN,2015-11-04,close all
9151,WOOF,2015-10-28,close all
4,AAN,2016-01-10,0.0222222222
13,AAP,2016-01-10,0.0222222222
311,AN,2016-01-10,-0.0222222222
75,BJRI,2016-01-10,0.0222222222
95,BLMN,2016-01-10,-0.0222222222
1221,BWLD,2016-01-10,-0.0222222222
131,CAB,2016-01-10,-0.0222222222
140,CAKE,2016-01-10,0.0222222222
149,CAR,2016-01-10,-0.0222222222
185,CHEF,2016-01-10,-0.0222222222
194,CHUY,2016-01-10,0.0222222222
203,CMG,2016-01-10,0.0222222222
239,CVS,2016-01-10,0.0222222222
257,DFRG,2016-01-10,-0.0222222222
293,DNKN,2016-01-10,0.0222222222
355,FRGI,2016-01-10,-0.0222222222
364,FUN,2016-01-10,-0.0222222222
431,HVT,2016-01-10,-0.0222222222
440,HZO,2016-01-10,0.0222222222
457,JACK,2016-01-10,-0.0222222222
505,LAD,2016-01-10,0.0222222222
523,LL,2016-01-10,-0.0222222222
550,MCD,2016-01-10,-0.0222222222
568,MNRO,2016-01-10,0.0222222222
577,MUSA,2016-01-10,-0.0222222222
595,ORLY,2016-01-10,0.0222222222
604,PAG,2016-01-10,-0.0222222222
613,PBPB,2016-01-10,0.0222222222
648,PZZA,2016-01-10,0.0222222222
665,RCII,2016-01-10,-0.0222222222
692,RRGB,2016-01-10,-0.0222222222
701,RUSHA,2016-01-10,-0.0222222222
710,RUTH,2016-01-10,-0.0222222222
719,SAH,2016-01-10,0.0222222222
728,SBH,2016-01-10,-0.0222222222
738,SEAS,2016-01-10,-0.0222222222
747,SFM,2016-01-10,0.0222222222
774,SIX,2016-01-10,-0.0222222222
826,TA,2016-01-10,-0.0222222222
862,TTS,2016-01-10,0.0222222222
871,TUES,2016-01-10,-0.0222222222
880,TXRH,2016-01-10,0.0222222222
889,WEN,2016-01-10,-0.0222222222
916,WOOF,2016-01-10,0.0222222222
934,YUM,2016-01-10,-0.0222222222
41,AAN,2016-02-18,close all
132,AAP,2016-02-11,close all
312,AN,2016-01-28,close all
751,BJRI,2016-02-19,close all
951,BLMN,2016-02-17,close all
1222,BWLD,2016-02-04,close all
1311,CAB,2016-02-18,close all
1401,CAKE,2016-02-17,close all
1491,CAR,2016-02-24,close all
1851,CHEF,2016-02-19,close all
1941,CHUY,2016-03-02,close all
2031,CMG,2016-02-03,close all
2391,CVS,2016-02-09,close all
2571,DFRG,2016-03-01,close all
2931,DNKN,2016-02-04,close all
3551,FRGI,2016-02-25,close all
3641,FUN,2016-02-17,close all
4311,HVT,2016-02-25,close all
4401,HZO,2016-02-04,close all
4571,JACK,2016-02-18,close all
5051,LAD,2016-02-24,close all
5231,LL,2016-02-29,close all
5501,MCD,2016-01-25,close all
5681,MNRO,2016-01-26,close all
5771,MUSA,2016-02-04,close all
5951,ORLY,2016-02-11,close all
6041,PAG,2016-02-11,close all
6131,PBPB,2016-02-17,close all
6481,PZZA,2016-02-24,close all
6651,RCII,2016-02-02,close all
6921,RRGB,2016-02-12,close all
7011,RUSHA,2016-02-10,close all
7101,RUTH,2016-02-12,close all
7191,SAH,2016-02-23,close all
7281,SBH,2016-02-04,close all
7381,SEAS,2016-02-25,close all
7471,SFM,2016-02-25,close all
7741,SIX,2016-02-18,close all
8261,TA,2016-03-14,close all
8621,TTS,2016-02-16,close all
8711,TUES,2016-01-29,close all
8801,TXRH,2016-02-23,close all
8891,WEN,2016-02-09,close all
9161,WOOF,2016-02-11,close all
9341,YUM,2016-02-04,close all
5,AAN,2016-04-10,-0.0222222222
14,AAP,2016-04-10,-0.0222222222
32,AN,2016-04-10,0.0222222222
76,BJRI,2016-04-10,-0.0222222222
96,BLMN,2016-04-10,-0.0222222222
123,BWLD,2016-04-10,-0.0222222222
1321,CAB,2016-04-10,0.0222222222
141,CAKE,2016-04-10,-0.0222222222
150,CAR,2016-04-10,-0.0222222222
186,CHEF,2016-04-10,0.0222222222
195,CHUY,2016-04-10,0.0222222222
204,CMG,2016-04-10,0.0222222222
240,CVS,2016-04-10,-0.0222222222
258,DFRG,2016-04-10,0.0222222222
294,DNKN,2016-04-10,0.0222222222
356,FRGI,2016-04-10,0.0222222222
365,FUN,2016-04-10,0.0222222222
432,HVT,2016-04-10,0.0222222222
441,HZO,2016-04-10,0.0222222222
458,JACK,2016-04-10,0.0222222222
506,LAD,2016-04-10,0.0222222222
524,LL,2016-04-10,-0.0222222222
533,LOCO,2016-04-10,-0.0222222222
551,MCD,2016-04-10,0.0222222222
569,MNRO,2016-04-10,0.0222222222
578,MUSA,2016-04-10,0.0222222222
596,ORLY,2016-04-10,0.0222222222
605,PAG,2016-04-10,0.0222222222
614,PBPB,2016-04-10,0.0222222222
649,PZZA,2016-04-10,-0.0222222222
666,RCII,2016-04-10,-0.0222222222
693,RRGB,2016-04-10,-0.0222222222
702,RUSHA,2016-04-10,0.0222222222
711,RUTH,2016-04-10,0.0222222222
720,SAH,2016-04-10,0.0222222222
729,SBH,2016-04-10,0.0222222222
739,SEAS,2016-04-10,0.0222222222
775,SIX,2016-04-10,0.0222222222
827,TA,2016-04-10,-0.0222222222
863,TTS,2016-04-10,-0.0222222222
872,TUES,2016-04-10,0.0222222222
881,TXRH,2016-04-10,-0.0222222222
890,WEN,2016-04-10,0.0222222222
917,WOOF,2016-04-10,0.0222222222
935,YUM,2016-04-10,0.0222222222
51,AAN,2016-04-29,close all
142,AAP,2016-05-19,close all
321,AN,2016-04-22,close all
761,BJRI,2016-04-22,close all
961,BLMN,2016-04-26,close all
1231,BWLD,2016-04-27,close all
1322,CAB,2016-04-28,close all
1411,CAKE,2016-04-28,close all
1501,CAR,2016-05-04,close all
1861,CHEF,2016-05-04,close all
1951,CHUY,2016-05-04,close all
2041,CMG,2016-04-27,close all
2401,CVS,2016-05-03,close all
2581,DFRG,2016-04-26,close all
2941,DNKN,2016-04-28,close all
3561,FRGI,2016-05-10,close all
3651,FUN,2016-05-04,close all
4321,HVT,2016-05-03,close all
4411,HZO,2016-04-26,close all
4581,JACK,2016-05-12,close all
5061,LAD,2016-04-21,close all
5241,LL,2016-05-10,close all
5331,LOCO,2016-05-06,close all
5511,MCD,2016-04-22,close all
5691,MNRO,2016-05-19,close all
5781,MUSA,2016-05-09,close all
5961,ORLY,2016-04-28,close all
6051,PAG,2016-04-26,close all
6141,PBPB,2016-05-04,close all
6491,PZZA,2016-05-04,close all
6661,RCII,2016-04-28,close all
6931,RRGB,2016-05-17,close all
7021,RUSHA,2016-04-21,close all
7111,RUTH,2016-04-28,close all
7201,SAH,2016-04-26,close all
7291,SBH,2016-05-05,close all
7391,SEAS,2016-05-05,close all
7751,SIX,2016-04-27,close all
8271,TA,2016-05-09,close all
8631,TTS,2016-04-19,close all
8721,TUES,2016-04-29,close all
8811,TXRH,2016-05-03,close all
8901,WEN,2016-05-11,close all
9171,WOOF,2016-04-27,close all
9351,YUM,2016-04-21,close all
6,AAN,2016-07-10,-0.0217391304
15,AAP,2016-07-10,0.0217391304
33,AN,2016-07-10,-0.0217391304
77,BJRI,2016-07-10,-0.0217391304
97,BLMN,2016-07-10,-0.0217391304
124,BWLD,2016-07-10,0.0217391304
133,CAB,2016-07-10,0.0217391304
1421,CAKE,2016-07-10,-0.0217391304
151,CAR,2016-07-10,-0.0217391304
187,CHEF,2016-07-10,-0.0217391304
196,CHUY,2016-07-10,-0.0217391304
205,CMG,2016-07-10,-0.0217391304
241,CVS,2016-07-10,-0.0217391304
259,DFRG,2016-07-10,0.0217391304
295,DNKN,2016-07-10,0.0217391304
357,FRGI,2016-07-10,-0.0217391304
366,FUN,2016-07-10,-0.0217391304
424,HTZ,2016-07-10,0.0217391304
433,HVT,2016-07-10,0.0217391304
442,HZO,2016-07-10,-0.0217391304
459,JACK,2016-07-10,-0.0217391304
507,LAD,2016-07-10,0.0217391304
525,LL,2016-07-10,-0.0217391304
534,LOCO,2016-07-10,-0.0217391304
552,MCD,2016-07-10,0.0217391304
570,MNRO,2016-07-10,0.0217391304
579,MUSA,2016-07-10,0.0217391304
597,ORLY,2016-07-10,-0.0217391304
606,PAG,2016-07-10,-0.0217391304
615,PBPB,2016-07-10,-0.0217391304
650,PZZA,2016-07-10,0.0217391304
667,RCII,2016-07-10,-0.0217391304
694,RRGB,2016-07-10,0.0217391304
703,RUSHA,2016-07-10,0.0217391304
712,RUTH,2016-07-10,-0.0217391304
7211,SAH,2016-07-10,-0.0217391304
730,SBH,2016-07-10,-0.0217391304
740,SEAS,2016-07-10,-0.0217391304
776,SIX,2016-07-10,0.0217391304
828,TA,2016-07-10,0.0217391304
864,TTS,2016-07-10,-0.0217391304
873,TUES,2016-07-10,0.0217391304
882,TXRH,2016-07-10,-0.0217391304
891,WEN,2016-07-10,-0.0217391304
918,WOOF,2016-07-10,-0.0217391304
936,YUM,2016-07-10,0.0217391304
61,AAN,2016-07-29,close all
152,AAP,2016-08-16,close all
331,AN,2016-07-29,close all
771,BJRI,2016-07-27,close all
971,BLMN,2016-07-29,close all
1241,BWLD,2016-07-27,close all
1331,CAB,2016-07-28,close all
1422,CAKE,2016-07-28,close all
1511,CAR,2016-08-03,close all
1871,CHEF,2016-08-03,close all
1961,CHUY,2016-08-03,close all
2051,CMG,2016-07-22,close all
2411,CVS,2016-08-02,close all
2591,DFRG,2016-07-21,close all
2951,DNKN,2016-07-21,close all
3571,FRGI,2016-08-04,close all
3661,FUN,2016-08-03,close all
4241,HTZ,2016-08-09,close all
4331,HVT,2016-08-02,close all
4421,HZO,2016-07-26,close all
4591,JACK,2016-08-04,close all
5071,LAD,2016-07-28,close all
5251,LL,2016-07-27,close all
5341,LOCO,2016-08-05,close all
5521,MCD,2016-07-26,close all
5701,MNRO,2016-07-28,close all
5791,MUSA,2016-08-04,close all
5971,ORLY,2016-07-28,close all
6061,PAG,2016-07-28,close all
6151,PBPB,2016-08-03,close all
6501,PZZA,2016-08-03,close all
6671,RCII,2016-07-28,close all
6941,RRGB,2016-08-09,close all
7031,RUSHA,2016-07-27,close all
7121,RUTH,2016-07-29,close all
7212,SAH,2016-07-26,close all
7301,SBH,2016-08-04,close all
7401,SEAS,2016-08-04,close all
7761,SIX,2016-07-27,close all
8281,TA,2016-08-08,close all
8641,TTS,2016-07-19,close all
8731,TUES,2016-08-19,close all
8821,TXRH,2016-08-02,close all
8911,WEN,2016-08-10,close all
9181,WOOF,2016-07-27,close all
9361,YUM,2016-07-14,close all
7,AAN,2016-10-10,0.0212765957
16,AAP,2016-10-10,0.0212765957
34,AN,2016-10-10,-0.0212765957
78,BJRI,2016-10-10,0.0212765957
98,BLMN,2016-10-10,0.0212765957
125,BWLD,2016-10-10,0.0212765957
134,CAB,2016-10-10,0.0212765957
143,CAKE,2016-10-10,0.0212765957
1521,CAR,2016-10-10,-0.0212765957
188,CHEF,2016-10-10,0.0212765957
197,CHUY,2016-10-10,-0.0212765957
206,CMG,2016-10-10,-0.0212765957
242,CVS,2016-10-10,-0.0212765957
260,DFRG,2016-10-10,0.0212765957
296,DNKN,2016-10-10,0.0212765957
358,FRGI,2016-10-10,-0.0212765957
367,FUN,2016-10-10,-0.0212765957
403,HABT,2016-10-10,0.0212765957
425,HTZ,2016-10-10,-0.0212765957
434,HVT,2016-10-10,-0.0212765957
443,HZO,2016-10-10,0.0212765957
460,JACK,2016-10-10,0.0212765957
508,LAD,2016-10-10,-0.0212765957
526,LL,2016-10-10,0.0212765957
535,LOCO,2016-10-10,-0.0212765957
553,MCD,2016-10-10,-0.0212765957
571,MNRO,2016-10-10,-0.0212765957
580,MUSA,2016-10-10,-0.0212765957
598,ORLY,2016-10-10,-0.0212765957
607,PAG,2016-10-10,0.0212765957
616,PBPB,2016-10-10,-0.0212765957
651,PZZA,2016-10-10,0.0212765957
668,RCII,2016-10-10,0.0212765957
695,RRGB,2016-10-10,0.0212765957
704,RUSHA,2016-10-10,0.0212765957
713,RUTH,2016-10-10,0.0212765957
722,SAH,2016-10-10,-0.0212765957
7311,SBH,2016-10-10,-0.0212765957
7411,SEAS,2016-10-10,-0.0212765957
750,SFM,2016-10-10,0.0212765957
777,SIX,2016-10-10,-0.0212765957
829,TA,2016-10-10,0.0212765957
865,TTS,2016-10-10,0.0212765957
874,TUES,2016-10-10,0.0212765957
883,TXRH,2016-10-10,0.0212765957
892,WEN,2016-10-10,-0.0212765957
919,WOOF,2016-10-10,-0.0212765957
71,AAN,2016-10-28,close all
161,AAP,2016-11-15,close all
341,AN,2016-10-28,close all
781,BJRI,2016-10-20,close all
981,BLMN,2016-10-28,close all
1251,BWLD,2016-10-27,close all
1341,CAB,2016-10-26,close all
1431,CAKE,2016-10-27,close all
1522,CAR,2016-11-03,close all
1881,CHEF,2016-11-03,close all
1971,CHUY,2016-11-02,close all
2061,CMG,2016-10-26,close all
2421,CVS,2016-11-08,close all
2601,DFRG,2016-10-14,close all
2961,DNKN,2016-10-20,close all
3581,FRGI,2016-11-08,close all
3671,FUN,2016-11-02,close all
4031,HABT,2016-11-03,close all
4251,HTZ,2016-11-08,close all
4341,HVT,2016-11-01,close all
4431,HZO,2016-11-01,close all
4601,JACK,2016-11-22,close all
5081,LAD,2016-10-20,close all
5261,LL,2016-10-31,close all
5351,LOCO,2016-11-04,close all
5531,MCD,2016-10-21,close all
5711,MNRO,2016-10-20,close all
5801,MUSA,2016-11-03,close all
5981,ORLY,2016-10-27,close all
6071,PAG,2016-10-26,close all
6161,PBPB,2016-11-02,close all
6511,PZZA,2016-11-02,close all
6681,RCII,2016-10-27,close all
6951,RRGB,2016-11-03,close all
7041,RUSHA,2016-10-27,close all
7131,RUTH,2016-10-28,close all
7221,SAH,2016-11-01,close all
7312,SBH,2016-11-15,close all
7412,SEAS,2016-11-08,close all
7501,SFM,2016-11-03,close all
7771,SIX,2016-10-26,close all
8291,TA,2016-11-08,close all
8651,TTS,2016-10-18,close all
8741,TUES,2016-10-27,close all
8831,TXRH,2016-11-02,close all
8921,WEN,2016-11-09,close all
9191,WOOF,2016-10-26,close all
8,AAN,2017-01-10,0.0212765957
17,AAP,2017-01-10,0.0212765957
35,AN,2017-01-10,-0.0212765957
79,BJRI,2017-01-10,-0.0212765957
99,BLMN,2017-01-10,-0.0212765957
126,BWLD,2017-01-10,0.0212765957
135,CAB,2017-01-10,-0.0212765957
144,CAKE,2017-01-10,-0.0212765957
153,CAR,2017-01-10,0.0212765957
189,CHEF,2017-01-10,0.0212765957
198,CHUY,2017-01-10,0.0212765957
207,CMG,2017-01-10,-0.0212765957
243,CVS,2017-01-10,-0.0212765957
261,DFRG,2017-01-10,-0.0212765957
297,DNKN,2017-01-10,0.0212765957
359,FRGI,2017-01-10,0.0212765957
368,FUN,2017-01-10,0.0212765957
404,HABT,2017-01-10,0.0212765957
426,HTZ,2017-01-10,0.0212765957
435,HVT,2017-01-10,-0.0212765957
444,HZO,2017-01-10,0.0212765957
461,JACK,2017-01-10,-0.0212765957
509,LAD,2017-01-10,0.0212765957
527,LL,2017-01-10,-0.0212765957
536,LOCO,2017-01-10,0.0212765957
554,MCD,2017-01-10,0.0212765957
572,MNRO,2017-01-10,-0.0212765957
581,MUSA,2017-01-10,-0.0212765957
599,ORLY,2017-01-10,0.0212765957
608,PAG,2017-01-10,0.0212765957
617,PBPB,2017-01-10,0.0212765957
652,PZZA,2017-01-10,-0.0212765957
669,RCII,2017-01-10,0.0212765957
696,RRGB,2017-01-10,0.0212765957
705,RUSHA,2017-01-10,0.0212765957
714,RUTH,2017-01-10,-0.0212765957
723,SAH,2017-01-10,-0.0212765957
732,SBH,2017-01-10,-0.0212765957
742,SEAS,2017-01-10,0.0212765957
778,SIX,2017-01-10,0.0212765957
830,TA,2017-01-10,0.0212765957
866,TTS,2017-01-10,0.0212765957
875,TUES,2017-01-10,-0.0212765957
884,TXRH,2017-01-10,0.0212765957
893,WEN,2017-01-10,0.0212765957
920,WOOF,2017-01-10,0.0212765957
938,YUM,2017-01-10,0.0212765957
81,AAN,2017-02-17,close all
171,AAP,2017-02-21,close all
351,AN,2017-02-03,close all
791,BJRI,2017-02-24,close all
991,BLMN,2017-02-17,close all
1261,BWLD,2017-02-08,close all
1351,CAB,2017-02-16,close all
1441,CAKE,2017-02-23,close all
1531,CAR,2017-02-16,close all
1891,CHEF,2017-02-22,close all
1981,CHUY,2017-03-01,close all
2071,CMG,2017-02-03,close all
2431,CVS,2017-02-09,close all
2611,DFRG,2017-02-24,close all
2971,DNKN,2017-02-09,close all
3591,FRGI,2017-02-28,close all
3681,FUN,2017-02-15,close all
4041,HABT,2017-03-03,close all
4261,HTZ,2017-02-28,close all
4351,HVT,2017-02-22,close all
4441,HZO,2017-01-24,close all
4611,JACK,2017-02-23,close all
5091,LAD,2017-02-15,close all
5271,LL,2017-02-21,close all
5361,LOCO,2017-03-10,close all
5541,MCD,2017-01-23,close all
5721,MNRO,2017-02-01,close all
5811,MUSA,2017-02-02,close all
5991,ORLY,2017-02-08,close all
6081,PAG,2017-02-07,close all
6171,PBPB,2017-02-15,close all
6521,PZZA,2017-02-22,close all
6691,RCII,2017-02-14,close all
6961,RRGB,2017-02-22,close all
7051,RUSHA,2017-02-16,close all
7141,RUTH,2017-02-17,close all
7231,SAH,2017-02-21,close all
7321,SBH,2017-02-02,close all
7421,SEAS,2017-02-28,close all
7781,SIX,2017-02-22,close all
8301,TA,2017-02-28,close all
8661,TTS,2017-02-14,close all
8751,TUES,2017-02-03,close all
8841,TXRH,2017-02-22,close all
8931,WEN,2017-02-16,close all
9201,WOOF,2017-02-09,close all
9381,YUM,2017-02-09,close all
9,AAN,2017-04-10,-0.0212765957
18,AAP,2017-04-10,-0.0212765957
36,AN,2017-04-10,0.0212765957
80,BJRI,2017-04-10,-0.0212765957
100,BLMN,2017-04-10,-0.0212765957
127,BWLD,2017-04-10,-0.0212765957
136,CAB,2017-04-10,-0.0212765957
145,CAKE,2017-04-10,-0.0212765957
154,CAR,2017-04-10,-0.0212765957
190,CHEF,2017-04-10,-0.0212765957
199,CHUY,2017-04-10,-0.0212765957
208,CMG,2017-04-10,0.0212765957
244,CVS,2017-04-10,-0.0212765957
262,DFRG,2017-04-10,-0.0212765957
298,DNKN,2017-04-10,0.0212765957
360,FRGI,2017-04-10,-0.0212765957
369,FUN,2017-04-10,-0.0212765957
405,HABT,2017-04-10,-0.0212765957
427,HTZ,2017-04-10,-0.0212765957
436,HVT,2017-04-10,0.0212765957
445,HZO,2017-04-10,-0.0212765957
462,JACK,2017-04-10,-0.0212765957
510,LAD,2017-04-10,-0.0212765957
528,LL,2017-04-10,0.0212765957
537,LOCO,2017-04-10,-0.0212765957
555,MCD,2017-04-10,0.0212765957
573,MNRO,2017-04-10,-0.0212765957
582,MUSA,2017-04-10,-0.0212765957
600,ORLY,2017-04-10,-0.0212765957
609,PAG,2017-04-10,-0.0212765957
618,PBPB,2017-04-10,-0.0212765957
653,PZZA,2017-04-10,-0.0212765957
670,RCII,2017-04-10,-0.0212765957
697,RRGB,2017-04-10,-0.0212765957
706,RUSHA,2017-04-10,0.0212765957
715,RUTH,2017-04-10,-0.0212765957
724,SAH,2017-04-10,0.0212765957
733,SBH,2017-04-10,-0.0212765957
743,SEAS,2017-04-10,-0.0212765957
779,SIX,2017-04-10,-0.0212765957
831,TA,2017-04-10,0.0212765957
867,TTS,2017-04-10,-0.0212765957
876,TUES,2017-04-10,0.0212765957
885,TXRH,2017-04-10,-0.0212765957
894,WEN,2017-04-10,0.0212765957
921,WOOF,2017-04-10,-0.0212765957
939,YUM,2017-04-10,0.0212765957
91,AAN,2017-04-28,close all
181,AAP,2017-05-24,close all
361,AN,2017-04-25,close all
801,BJRI,2017-04-28,close all
1001,BLMN,2017-04-26,close all
1271,BWLD,2017-04-27,close all
1361,CAB,2017-05-04,close all
1451,CAKE,2017-05-04,close all
1541,CAR,2017-05-04,close all
1901,CHEF,2017-05-10,close all
1991,CHUY,2017-05-05,close all
2081,CMG,2017-04-26,close all
2441,CVS,2017-05-02,close all
2621,DFRG,2017-04-25,close all
2981,DNKN,2017-05-04,close all
3601,FRGI,2017-05-09,close all
3691,FUN,2017-05-03,close all
4051,HABT,2017-05-04,close all
4271,HTZ,2017-05-09,close all
4361,HVT,2017-05-02,close all
4451,HZO,2017-04-27,close all
4621,JACK,2017-05-17,close all
5101,LAD,2017-04-19,close all
5281,LL,2017-05-02,close all
5371,LOCO,2017-05-05,close all
5551,MCD,2017-04-25,close all
5731,MNRO,2017-05-18,close all
5821,MUSA,2017-05-02,close all
6001,ORLY,2017-04-27,close all
6091,PAG,2017-04-26,close all
6181,PBPB,2017-05-03,close all
6531,PZZA,2017-05-03,close all
6701,RCII,2017-05-02,close all
6971,RRGB,2017-05-17,close all
7061,RUSHA,2017-04-25,close all
7151,RUTH,2017-05-05,close all
7241,SAH,2017-04-26,close all
7331,SBH,2017-05-04,close all
7431,SEAS,2017-05-09,close all
7791,SIX,2017-04-26,close all
8311,TA,2017-05-09,close all
8671,TTS,2017-04-18,close all
8761,TUES,2017-05-04,close all
8851,TXRH,2017-05-02,close all
8941,WEN,2017-05-10,close all
9211,WOOF,2017-04-28,close all
9391,YUM,2017-05-03,close all
19,AEO,2015-05-10,0.0277777778
54,BBY,2015-05-10,-0.0277777778
63,BIG,2015-05-10,-0.0277777778
811,BKE,2015-05-10,-0.0277777778
1011,BOBE,2015-05-10,0.0277777778
110,BURL,2015-05-10,-0.0277777778
164,CATO,2015-05-10,-0.0277777778
173,CBRL,2015-05-10,0.0277777778
209,CONN,2015-05-10,0.0277777778
227,CTRN,2015-05-10,-0.0277777778
245,DDS,2015-05-10,-0.0277777778
263,DG,2015-05-10,-0.0277777778
272,DKS,2015-05-10,-0.0277777778
2811,DLTR,2015-05-10,0.0277777778
299,DSW,2015-05-10,-0.0277777778
325,FIVE,2015-05-10,-0.0277777778
334,FL,2015-05-10,-0.0277777778
343,FRAN,2015-05-10,-0.0277777778
379,GME,2015-05-10,-0.0277777778
388,GPS,2015-05-10,-0.0277777778
406,HD,2015-05-10,0.0277777778
415,HIBB,2015-05-10,-0.0277777778
463,JCP,2015-05-10,-0.0277777778
472,JWN,2015-05-10,-0.0277777778
493,KSS,2015-05-10,-0.0277777778
511,LB,2015-05-10,-0.0277777778
538,LOW,2015-05-10,0.0277777778
583,M,2015-05-10,-0.0277777778
636,PLCE,2015-05-10,-0.0277777778
680,ROST,2015-05-10,-0.0277777778
734,SCVL,2015-05-10,0.0277777778
780,SMRT,2015-05-10,-0.0277777778
797,SPLS,2015-05-10,-0.0277777778
832,TGT,2015-05-10,-0.0277777778
841,TITN,2015-05-10,-0.0277777778
904,WMT,2015-05-10,0.0277777778
1910,AEO,2015-05-20,close all
541,BBY,2015-05-21,close all
631,BIG,2015-05-29,close all
812,BKE,2015-05-21,close all
1012,BOBE,2015-06-17,close all
1101,BURL,2015-06-09,close all
1641,CATO,2015-05-21,close all
1731,CBRL,2015-06-02,close all
2091,CONN,2015-06-02,close all
2271,CTRN,2015-05-20,close all
2451,DDS,2015-05-15,close all
2631,DG,2015-06-02,close all
2721,DKS,2015-05-19,close all
2812,DLTR,2015-05-21,close all
2991,DSW,2015-05-27,close all
3251,FIVE,2015-06-04,close all
3341,FL,2015-05-22,close all
3431,FRAN,2015-06-10,close all
3791,GME,2015-05-29,close all
3881,GPS,2015-05-22,close all
4061,HD,2015-05-19,close all
4151,HIBB,2015-05-22,close all
4631,JCP,2015-05-14,close all
4721,JWN,2015-05-15,close all
4931,KSS,2015-05-14,close all
5111,LB,2015-05-21,close all
5381,LOW,2015-05-20,close all
5831,M,2015-05-13,close all
6361,PLCE,2015-05-14,close all
6801,ROST,2015-05-22,close all
7341,SCVL,2015-05-21,close all
7801,SMRT,2015-05-21,close all
7971,SPLS,2015-05-20,close all
8321,TGT,2015-05-20,close all
8411,TITN,2015-05-28,close all
9041,WMT,2015-05-19,close all
20,AEO,2015-08-10,0.0222222222
55,BBY,2015-08-10,0.0222222222
64,BIG,2015-08-10,-0.0222222222
82,BKE,2015-08-10,0.0222222222
85,BKS,2015-08-10,0.0222222222
102,BOBE,2015-08-10,0.0222222222
111,BURL,2015-08-10,0.0222222222
156,CASY,2015-08-10,-0.0222222222
165,CATO,2015-08-10,0.0222222222
174,CBRL,2015-08-10,-0.0222222222
210,CONN,2015-08-10,-0.0222222222
228,CTRN,2015-08-10,0.0222222222
246,DDS,2015-08-10,0.0222222222
264,DG,2015-08-10,-0.0222222222
273,DKS,2015-08-10,-0.0222222222
282,DLTR,2015-08-10,0.0222222222
300,DSW,2015-08-10,0.0222222222
309,EXPR,2015-08-10,0.0222222222
326,FIVE,2015-08-10,-0.0222222222
335,FL,2015-08-10,0.0222222222
344,FRAN,2015-08-10,0.0222222222
371,GCO,2015-08-10,0.0222222222
380,GME,2015-08-10,-0.0222222222
389,GPS,2015-08-10,-0.0222222222
407,HD,2015-08-10,-0.0222222222
416,HIBB,2015-08-10,0.0222222222
464,JCP,2015-08-10,0.0222222222
473,JWN,2015-08-10,-0.0222222222
485,KR,2015-08-10,0.0222222222
486,KR,2015-08-10,0.0222222222
494,KSS,2015-08-10,0.0222222222
512,LB,2015-08-10,-0.0222222222
539,LOW,2015-08-10,-0.0222222222
584,M,2015-08-10,0.0222222222
637,PLCE,2015-08-10,0.0222222222
672,RH,2015-08-10,0.0222222222
681,ROST,2015-08-10,0.0222222222
754,SHLD,2015-08-10,0.0222222222
763,SIG,2015-08-10,0.0222222222
7811,SMRT,2015-08-10,0.0222222222
798,SPLS,2015-08-10,0.0222222222
833,TGT,2015-08-10,-0.0222222222
842,TITN,2015-08-10,-0.0222222222
905,WMT,2015-08-10,-0.0222222222
923,WSM,2015-08-10,0.0222222222
2010,AEO,2015-08-19,close all
556,BBY,2015-08-25,close all
641,BIG,2015-08-28,close all
821,BKE,2015-08-20,close all
851,BKS,2015-09-09,close all
1021,BOBE,2015-09-02,close all
1111,BURL,2015-08-27,close all
1561,CASY,2015-09-09,close all
1651,CATO,2015-08-20,close all
1741,CBRL,2015-09-16,close all
2101,CONN,2015-09-09,close all
2281,CTRN,2015-08-19,close all
2461,DDS,2015-08-13,close all
2641,DG,2015-08-27,close all
2731,DKS,2015-08-18,close all
2821,DLTR,2015-09-01,close all
3001,DSW,2015-08-25,close all
3091,EXPR,2015-08-26,close all
3261,FIVE,2015-09-03,close all
3351,FL,2015-08-21,close all
3441,FRAN,2015-09-09,close all
3711,GCO,2015-09-03,close all
3801,GME,2015-08-28,close all
3891,GPS,2015-08-21,close all
4071,HD,2015-08-18,close all
4161,HIBB,2015-08-21,close all
4641,JCP,2015-08-14,close all
4731,JWN,2015-08-14,close all
4851,KR,2015-09-11,close all
4861,KR,2015-09-11,close all
4941,KSS,2015-08-13,close all
5121,LB,2015-08-20,close all
5391,LOW,2015-08-19,close all
5841,M,2015-08-12,close all
6371,PLCE,2015-08-25,close all
6721,RH,2015-09-11,close all
6811,ROST,2015-08-21,close all
7541,SHLD,2015-08-20,close all
7631,SIG,2015-08-27,close all
7812,SMRT,2015-08-20,close all
7981,SPLS,2015-08-19,close all
8331,TGT,2015-08-19,close all
8421,TITN,2015-09-09,close all
9051,WMT,2015-08-18,close all
9231,WSM,2015-08-27,close all
21,AEO,2015-11-10,-0.0227272727
56,BBY,2015-11-10,0.0227272727
65,BIG,2015-11-10,0.0227272727
83,BKE,2015-11-10,-0.0227272727
86,BKS,2015-11-10,0.0227272727
103,BOBE,2015-11-10,-0.0227272727
112,BURL,2015-11-10,0.0227272727
157,CASY,2015-11-10,-0.0227272727
166,CATO,2015-11-10,0.0227272727
175,CBRL,2015-11-10,-0.0227272727
211,CONN,2015-11-10,-0.0227272727
229,CTRN,2015-11-10,-0.0227272727
247,DDS,2015-11-10,-0.0227272727
265,DG,2015-11-10,0.0227272727
274,DKS,2015-11-10,0.0227272727
283,DLTR,2015-11-10,-0.0227272727
3011,DSW,2015-11-10,-0.0227272727
310,EXPR,2015-11-10,-0.0227272727
327,FIVE,2015-11-10,0.0227272727
336,FL,2015-11-10,0.0227272727
345,FRAN,2015-11-10,0.0227272727
372,GCO,2015-11-10,-0.0227272727
381,GME,2015-11-10,-0.0227272727
390,GPS,2015-11-10,-0.0227272727
408,HD,2015-11-10,0.0227272727
417,HIBB,2015-11-10,-0.0227272727
465,JCP,2015-11-10,-0.0227272727
474,JWN,2015-11-10,0.0227272727
487,KR,2015-11-10,0.0227272727
495,KSS,2015-11-10,-0.0227272727
513,LB,2015-11-10,0.0227272727
540,LOW,2015-11-10,0.0227272727
638,PLCE,2015-11-10,-0.0227272727
673,RH,2015-11-10,0.0227272727
682,ROST,2015-11-10,0.0227272727
755,SHLD,2015-11-10,0.0227272727
764,SIG,2015-11-10,0.0227272727
782,SMRT,2015-11-10,0.0227272727
799,SPLS,2015-11-10,0.0227272727
834,TGT,2015-11-10,-0.0227272727
843,TITN,2015-11-10,-0.0227272727
852,TJX,2015-11-10,0.0227272727
906,WMT,2015-11-10,0.0227272727
924,WSM,2015-11-10,-0.0227272727
212,AEO,2015-12-03,close all
561,BBY,2015-11-19,close all
654,BIG,2015-12-04,close all
835,BKE,2015-11-19,close all
8610,BKS,2015-12-04,close all
1031,BOBE,2015-12-02,close all
1121,BURL,2015-11-24,close all
1571,CASY,2015-12-08,close all
1661,CATO,2015-11-19,close all
1751,CBRL,2015-11-24,close all
2111,CONN,2015-12-08,close all
2291,CTRN,2015-11-24,close all
2471,DDS,2015-11-16,close all
2651,DG,2015-12-03,close all
2741,DKS,2015-11-17,close all
2831,DLTR,2015-11-24,close all
3012,DSW,2015-11-24,close all
3101,EXPR,2015-12-03,close all
3271,FIVE,2015-12-04,close all
3361,FL,2015-11-20,close all
3451,FRAN,2015-12-09,close all
3721,GCO,2015-12-04,close all
3811,GME,2015-11-23,close all
3901,GPS,2015-11-20,close all
4081,HD,2015-11-17,close all
4171,HIBB,2015-11-20,close all
4651,JCP,2015-11-13,close all
4741,JWN,2015-11-13,close all
4871,KR,2015-12-03,close all
4951,KSS,2015-11-12,close all
5131,LB,2015-11-19,close all
5401,LOW,2015-11-18,close all
6381,PLCE,2015-12-08,close all
6731,RH,2015-12-11,close all
6821,ROST,2015-11-20,close all
7551,SHLD,2015-12-03,close all
7641,SIG,2015-11-24,close all
7821,SMRT,2015-11-19,close all
7991,SPLS,2015-11-18,close all
8341,TGT,2015-11-18,close all
8431,TITN,2015-12-03,close all
8521,TJX,2015-11-17,close all
9061,WMT,2015-11-17,close all
9241,WSM,2015-11-20,close all
22,AEO,2016-02-10,-0.0217391304
57,BBY,2016-02-10,-0.0217391304
66,BIG,2016-02-10,-0.0217391304
87,BKS,2016-02-10,-0.0217391304
104,BOBE,2016-02-10,0.0217391304
113,BURL,2016-02-10,-0.0217391304
158,CASY,2016-02-10,-0.0217391304
167,CATO,2016-02-10,-0.0217391304
176,CBRL,2016-02-10,-0.0217391304
2121,CONN,2016-02-10,-0.0217391304
230,CTRN,2016-02-10,-0.0217391304
248,DDS,2016-02-10,-0.0217391304
266,DG,2016-02-10,-0.0217391304
275,DKS,2016-02-10,-0.0217391304
284,DLTR,2016-02-10,-0.0217391304
302,DSW,2016-02-10,0.0217391304
3111,EXPR,2016-02-10,-0.0217391304
328,FIVE,2016-02-10,-0.0217391304
337,FL,2016-02-10,-0.0217391304
346,FRAN,2016-02-10,-0.0217391304
373,GCO,2016-02-10,-0.0217391304
382,GME,2016-02-10,-0.0217391304
391,GPS,2016-02-10,-0.0217391304
409,HD,2016-02-10,0.0217391304
418,HIBB,2016-02-10,-0.0217391304
466,JCP,2016-02-10,-0.0217391304
475,JWN,2016-02-10,-0.0217391304
488,KR,2016-02-10,-0.0217391304
496,KSS,2016-02-10,-0.0217391304
514,LB,2016-02-10,-0.0217391304
5411,LOW,2016-02-10,0.0217391304
559,MIK,2016-02-10,-0.0217391304
586,M,2016-02-10,-0.0217391304
639,PLCE,2016-02-10,-0.0217391304
674,RH,2016-02-10,-0.0217391304
683,ROST,2016-02-10,-0.0217391304
756,SHLD,2016-02-10,-0.0217391304
765,SIG,2016-02-10,-0.0217391304
783,SMRT,2016-02-10,-0.0217391304
800,SPLS,2016-02-10,-0.0217391304
809,SPWH,2016-02-10,-0.0217391304
8351,TGT,2016-02-10,-0.0217391304
844,TITN,2016-02-10,-0.0217391304
853,TJX,2016-02-10,-0.0217391304
907,WMT,2016-02-10,-0.0217391304
925,WSM,2016-02-10,-0.0217391304
221,AEO,2016-03-03,close all
5710,BBY,2016-02-25,close all
661,BIG,2016-03-04,close all
8710,BKS,2016-03-03,close all
1041,BOBE,2016-03-02,close all
1131,BURL,2016-03-03,close all
1581,CASY,2016-03-08,close all
1671,CATO,2016-03-17,close all
1761,CBRL,2016-02-23,close all
2122,CONN,2016-03-29,close all
2301,CTRN,2016-03-11,close all
2481,DDS,2016-02-23,close all
2661,DG,2016-03-10,close all
2751,DKS,2016-03-08,close all
2841,DLTR,2016-03-01,close all
3021,DSW,2016-03-15,close all
3112,EXPR,2016-03-09,close all
3281,FIVE,2016-03-23,close all
3371,FL,2016-02-26,close all
3461,FRAN,2016-03-23,close all
3731,GCO,2016-03-11,close all
3821,GME,2016-03-25,close all
3911,GPS,2016-02-26,close all
4091,HD,2016-02-23,close all
4181,HIBB,2016-03-11,close all
4661,JCP,2016-02-26,close all
4751,JWN,2016-02-19,close all
4881,KR,2016-03-03,close all
4961,KSS,2016-02-25,close all
5141,LB,2016-02-25,close all
5412,LOW,2016-02-24,close all
5591,MIK,2016-03-17,close all
5861,M,2016-02-23,close all
6391,PLCE,2016-03-15,close all
6741,RH,2016-02-25,close all
6831,ROST,2016-03-02,close all
7561,SHLD,2016-02-25,close all
7651,SIG,2016-03-24,close all
7831,SMRT,2016-03-10,close all
8001,SPLS,2016-03-04,close all
8091,SPWH,2016-03-24,close all
8352,TGT,2016-02-24,close all
8441,TITN,2016-04-13,close all
8531,TJX,2016-02-24,close all
9071,WMT,2016-02-18,close all
9251,WSM,2016-03-17,close all
23,AEO,2016-05-10,0.0217391304
58,BBY,2016-05-10,0.0217391304
67,BIG,2016-05-10,0.0217391304
88,BKS,2016-05-10,0.0217391304
105,BOBE,2016-05-10,-0.0217391304
114,BURL,2016-05-10,0.0217391304
159,CASY,2016-05-10,0.0217391304
168,CATO,2016-05-10,-0.0217391304
177,CBRL,2016-05-10,0.0217391304
213,CONN,2016-05-10,0.0217391304
231,CTRN,2016-05-10,-0.0217391304
249,DDS,2016-05-10,0.0217391304
267,DG,2016-05-10,0.0217391304
276,DKS,2016-05-10,0.0217391304
285,DLTR,2016-05-10,0.0217391304
303,DSW,2016-05-10,-0.0217391304
3121,EXPR,2016-05-10,0.0217391304
329,FIVE,2016-05-10,0.0217391304
338,FL,2016-05-10,-0.0217391304
347,FRAN,2016-05-10,0.0217391304
374,GCO,2016-05-10,0.0217391304
383,GME,2016-05-10,0.0217391304
392,GPS,2016-05-10,0.0217391304
410,HD,2016-05-10,0.0217391304
419,HIBB,2016-05-10,-0.0217391304
467,JCP,2016-05-10,0.0217391304
476,JWN,2016-05-10,0.0217391304
489,KR,2016-05-10,-0.0217391304
497,KSS,2016-05-10,0.0217391304
515,LB,2016-05-10,0.0217391304
542,LOW,2016-05-10,0.0217391304
560,MIK,2016-05-10,0.0217391304
6311,PLAY,2016-05-10,-0.0217391304
640,PLCE,2016-05-10,0.0217391304
675,RH,2016-05-10,0.0217391304
684,ROST,2016-05-10,0.0217391304
757,SHLD,2016-05-10,-0.0217391304
766,SIG,2016-05-10,0.0217391304
784,SMRT,2016-05-10,0.0217391304
8011,SPLS,2016-05-10,0.0217391304
810,SPWH,2016-05-10,0.0217391304
836,TGT,2016-05-10,0.0217391304
845,TITN,2016-05-10,0.0217391304
854,TJX,2016-05-10,0.0217391304
908,WMT,2016-05-10,0.0217391304
926,WSM,2016-05-10,0.0217391304
232,AEO,2016-05-19,close all
585,BBY,2016-05-24,close all
671,BIG,2016-05-27,close all
8810,BKS,2016-06-23,close all
1051,BOBE,2016-06-15,close all
1141,BURL,2016-05-26,close all
1591,CASY,2016-06-07,close all
1681,CATO,2016-05-19,close all
1771,CBRL,2016-06-01,close all
2131,CONN,2016-06-02,close all
2311,CTRN,2016-05-18,close all
2491,DDS,2016-05-13,close all
2671,DG,2016-05-26,close all
2761,DKS,2016-05-19,close all
2851,DLTR,2016-05-26,close all
3031,DSW,2016-05-24,close all
3122,EXPR,2016-05-25,close all
3291,FIVE,2016-06-03,close all
3381,FL,2016-05-20,close all
3471,FRAN,2016-06-09,close all
3741,GCO,2016-05-26,close all
3831,GME,2016-05-27,close all
3921,GPS,2016-05-20,close all
4101,HD,2016-05-17,close all
4191,HIBB,2016-05-20,close all
4671,JCP,2016-05-13,close all
4761,JWN,2016-05-13,close all
4891,KR,2016-06-16,close all
4971,KSS,2016-05-12,close all
5151,LB,2016-05-19,close all
5421,LOW,2016-05-18,close all
5601,MIK,2016-06-07,close all
6312,PLAY,2016-06-08,close all
6401,PLCE,2016-05-17,close all
6751,RH,2016-06-09,close all
6841,ROST,2016-05-20,close all
7571,SHLD,2016-05-26,close all
7661,SIG,2016-05-26,close all
7841,SMRT,2016-05-19,close all
8012,SPLS,2016-05-18,close all
8101,SPWH,2016-05-25,close all
8361,TGT,2016-05-18,close all
8451,TITN,2016-05-26,close all
8541,TJX,2016-05-17,close all
9081,WMT,2016-05-19,close all
9261,WSM,2016-05-26,close all
24,AEO,2016-08-10,0.0222222222
59,BBY,2016-08-10,0.0222222222
68,BIG,2016-08-10,0.0222222222
89,BKS,2016-08-10,-0.0222222222
106,BOBE,2016-08-10,-0.0222222222
115,BURL,2016-08-10,0.0222222222
160,CASY,2016-08-10,-0.0222222222
169,CATO,2016-08-10,-0.0222222222
178,CBRL,2016-08-10,-0.0222222222
214,CONN,2016-08-10,-0.0222222222
2321,CTRN,2016-08-10,0.0222222222
250,DDS,2016-08-10,0.0222222222
268,DG,2016-08-10,-0.0222222222
277,DKS,2016-08-10,0.0222222222
286,DLTR,2016-08-10,-0.0222222222
304,DSW,2016-08-10,0.0222222222
313,EXPR,2016-08-10,0.0222222222
330,FIVE,2016-08-10,0.0222222222
339,FL,2016-08-10,0.0222222222
348,FRAN,2016-08-10,0.0222222222
375,GCO,2016-08-10,0.0222222222
384,GME,2016-08-10,0.0222222222
393,GPS,2016-08-10,-0.0222222222
411,HD,2016-08-10,-0.0222222222
420,HIBB,2016-08-10,0.0222222222
468,JCP,2016-08-10,-0.0222222222
477,JWN,2016-08-10,-0.0222222222
490,KR,2016-08-10,-0.0222222222
516,LB,2016-08-10,0.0222222222
543,LOW,2016-08-10,-0.0222222222
5611,MIK,2016-08-10,-0.0222222222
632,PLAY,2016-08-10,-0.0222222222
6411,PLCE,2016-08-10,0.0222222222
676,RH,2016-08-10,0.0222222222
685,ROST,2016-08-10,0.0222222222
758,SHLD,2016-08-10,0.0222222222
767,SIG,2016-08-10,0.0222222222
785,SMRT,2016-08-10,-0.0222222222
802,SPLS,2016-08-10,-0.0222222222
8111,SPWH,2016-08-10,-0.0222222222
837,TGT,2016-08-10,0.0222222222
846,TITN,2016-08-10,0.0222222222
855,TJX,2016-08-10,0.0222222222
909,WMT,2016-08-10,0.0222222222
927,WSM,2016-08-10,0.0222222222
2410,AEO,2016-08-17,close all
591,BBY,2016-08-23,close all
686,BIG,2016-08-26,close all
895,BKS,2016-09-08,close all
1061,BOBE,2016-08-31,close all
1151,BURL,2016-08-25,close all
1601,CASY,2016-09-07,close all
1691,CATO,2016-08-18,close all
1781,CBRL,2016-09-14,close all
2141,CONN,2016-09-08,close all
2322,CTRN,2016-08-17,close all
2501,DDS,2016-08-12,close all
2681,DG,2016-08-25,close all
2771,DKS,2016-08-16,close all
2861,DLTR,2016-08-25,close all
3041,DSW,2016-08-30,close all
3131,EXPR,2016-08-24,close all
3301,FIVE,2016-09-01,close all
3391,FL,2016-08-19,close all
3481,FRAN,2016-09-07,close all
3751,GCO,2016-09-01,close all
3841,GME,2016-08-26,close all
3931,GPS,2016-08-19,close all
4111,HD,2016-08-16,close all
4201,HIBB,2016-08-19,close all
4681,JCP,2016-08-12,close all
4771,JWN,2016-08-12,close all
4901,KR,2016-09-09,close all
5161,LB,2016-08-18,close all
5431,LOW,2016-08-17,close all
5612,MIK,2016-08-25,close all
6321,PLAY,2016-09-07,close all
6412,PLCE,2016-08-17,close all
6761,RH,2016-09-09,close all
6851,ROST,2016-08-19,close all
7581,SHLD,2016-08-25,close all
7671,SIG,2016-08-25,close all
7851,SMRT,2016-08-19,close all
8021,SPLS,2016-08-17,close all
8112,SPWH,2016-08-19,close all
8371,TGT,2016-08-17,close all
8461,TITN,2016-08-25,close all
8551,TJX,2016-08-16,close all
9091,WMT,2016-08-18,close all
9271,WSM,2016-08-25,close all
25,AEO,2016-11-10,-0.0238095238
60,BBY,2016-11-10,0.0238095238
69,BIG,2016-11-10,0.0238095238
90,BKS,2016-11-10,-0.0238095238
107,BOBE,2016-11-10,-0.0238095238
116,BURL,2016-11-10,0.0238095238
1611,CASY,2016-11-10,-0.0238095238
170,CATO,2016-11-10,0.0238095238
179,CBRL,2016-11-10,0.0238095238
215,CONN,2016-11-10,0.0238095238
233,CTRN,2016-11-10,0.0238095238
269,DG,2016-11-10,0.0238095238
278,DKS,2016-11-10,0.0238095238
287,DLTR,2016-11-10,0.0238095238
305,DSW,2016-11-10,-0.0238095238
314,EXPR,2016-11-10,0.0238095238
3311,FIVE,2016-11-10,0.0238095238
340,FL,2016-11-10,0.0238095238
349,FRAN,2016-11-10,0.0238095238
376,GCO,2016-11-10,-0.0238095238
385,GME,2016-11-10,0.0238095238
394,GPS,2016-11-10,0.0238095238
412,HD,2016-11-10,0.0238095238
421,HIBB,2016-11-10,0.0238095238
491,KR,2016-11-10,0.0238095238
517,LB,2016-11-10,0.0238095238
544,LOW,2016-11-10,0.0238095238
562,MIK,2016-11-10,-0.0238095238
633,PLAY,2016-11-10,0.0238095238
642,PLCE,2016-11-10,-0.0238095238
677,RH,2016-11-10,-0.0238095238
6861,ROST,2016-11-10,0.0238095238
759,SHLD,2016-11-10,0.0238095238
768,SIG,2016-11-10,0.0238095238
786,SMRT,2016-11-10,0.0238095238
803,SPLS,2016-11-10,-0.0238095238
8121,SPWH,2016-11-10,-0.0238095238
838,TGT,2016-11-10,0.0238095238
847,TITN,2016-11-10,-0.0238095238
856,TJX,2016-11-10,0.0238095238
910,WMT,2016-11-10,-0.0238095238
928,WSM,2016-11-10,0.0238095238
251,AEO,2016-11-30,close all
601,BBY,2016-11-17,close all
6910,BIG,2016-12-02,close all
901,BKS,2016-11-22,close all
1071,BOBE,2016-12-06,close all
1161,BURL,2016-11-22,close all
1612,CASY,2016-12-08,close all
1701,CATO,2016-11-17,close all
1791,CBRL,2016-11-22,close all
2151,CONN,2016-12-06,close all
2331,CTRN,2016-11-22,close all
2691,DG,2016-12-01,close all
2781,DKS,2016-11-15,close all
2871,DLTR,2016-11-22,close all
3051,DSW,2016-11-22,close all
3141,EXPR,2016-12-01,close all
3312,FIVE,2016-12-02,close all
3401,FL,2016-11-18,close all
3491,FRAN,2016-12-06,close all
3761,GCO,2016-12-02,close all
3851,GME,2016-11-23,close all
3941,GPS,2016-11-18,close all
4121,HD,2016-11-15,close all
4211,HIBB,2016-11-18,close all
4911,KR,2016-12-01,close all
5171,LB,2016-11-17,close all
5441,LOW,2016-11-16,close all
5621,MIK,2016-12-06,close all
6331,PLAY,2016-12-07,close all
6421,PLCE,2016-11-17,close all
6771,RH,2016-12-09,close all
6862,ROST,2016-11-18,close all
7591,SHLD,2016-12-08,close all
7681,SIG,2016-11-22,close all
7861,SMRT,2016-11-17,close all
8031,SPLS,2016-11-17,close all
8122,SPWH,2016-11-18,close all
8381,TGT,2016-11-16,close all
8471,TITN,2016-11-30,close all
8561,TJX,2016-11-15,close all
9101,WMT,2016-11-17,close all
9281,WSM,2016-11-18,close all
26,AEO,2017-02-10,0.0212765957
619,BBY,2017-02-10,-0.0212765957
70,BIG,2017-02-10,-0.0212765957
912,BKS,2017-02-10,-0.0212765957
108,BOBE,2017-02-10,-0.0212765957
117,BURL,2017-02-10,-0.0212765957
162,CASY,2017-02-10,-0.0212765957
1711,CATO,2017-02-10,0.0212765957
180,CBRL,2017-02-10,0.0212765957
216,CONN,2017-02-10,-0.0212765957
234,CTRN,2017-02-10,-0.0212765957
252,DDS,2017-02-10,-0.0212765957
270,DG,2017-02-10,-0.0212765957
279,DKS,2017-02-10,-0.0212765957
288,DLTR,2017-02-10,-0.0212765957
306,DSW,2017-02-10,-0.0212765957
315,EXPR,2017-02-10,-0.0212765957
332,FIVE,2017-02-10,-0.0212765957
3411,FL,2017-02-10,-0.0212765957
350,FRAN,2017-02-10,-0.0212765957
377,GCO,2017-02-10,-0.0212765957
386,GME,2017-02-10,0.0212765957
395,GPS,2017-02-10,0.0212765957
413,HD,2017-02-10,-0.0212765957
422,HIBB,2017-02-10,0.0212765957
470,JCP,2017-02-10,0.0212765957
479,JWN,2017-02-10,-0.0212765957
492,KR,2017-02-10,0.0212765957
500,KSS,2017-02-10,-0.0212765957
518,LB,2017-02-10,-0.0212765957
545,LOW,2017-02-10,-0.0212765957
563,MIK,2017-02-10,-0.0212765957
590,M,2017-02-10,-0.0212765957
634,PLAY,2017-02-10,0.0212765957
643,PLCE,2017-02-10,-0.0212765957
678,RH,2017-02-10,-0.0212765957
687,ROST,2017-02-10,-0.0212765957
760,SHLD,2017-02-10,-0.0212765957
769,SIG,2017-02-10,0.0212765957
787,SMRT,2017-02-10,0.0212765957
804,SPLS,2017-02-10,-0.0212765957
813,SPWH,2017-02-10,-0.0212765957
839,TGT,2017-02-10,-0.0212765957
848,TITN,2017-02-10,-0.0212765957
857,TJX,2017-02-10,-0.0212765957
911,WMT,2017-02-10,-0.0212765957
929,WSM,2017-02-10,0.0212765957
2610,AEO,2017-03-01,close all
6110,BBY,2017-03-01,close all
7010,BIG,2017-03-03,close all
9110,BKS,2017-03-02,close all
1081,BOBE,2017-03-08,close all
1171,BURL,2017-03-02,close all
1621,CASY,2017-03-07,close all
1712,CATO,2017-03-16,close all
1801,CBRL,2017-02-21,close all
2161,CONN,2017-04-04,close all
2341,CTRN,2017-03-10,close all
2521,DDS,2017-02-21,close all
2701,DG,2017-03-16,close all
2791,DKS,2017-03-07,close all
2881,DLTR,2017-03-01,close all
3061,DSW,2017-03-14,close all
3151,EXPR,2017-03-08,close all
3321,FIVE,2017-03-23,close all
3412,FL,2017-02-24,close all
3501,FRAN,2017-03-21,close all
3771,GCO,2017-03-10,close all
3861,GME,2017-03-24,close all
3951,GPS,2017-02-24,close all
4131,HD,2017-02-21,close all
4221,HIBB,2017-03-10,close all
4701,JCP,2017-02-24,close all
4791,JWN,2017-02-24,close all
4921,KR,2017-03-02,close all
5001,KSS,2017-02-23,close all
5181,LB,2017-02-23,close all
5451,LOW,2017-03-01,close all
5631,MIK,2017-03-07,close all
5901,M,2017-02-21,close all
6341,PLAY,2017-03-29,close all
6431,PLCE,2017-03-08,close all
6781,RH,2017-03-29,close all
6871,ROST,2017-03-01,close all
7601,SHLD,2017-03-09,close all
7691,SIG,2017-03-09,close all
7871,SMRT,2017-03-08,close all
8041,SPLS,2017-03-09,close all
8131,SPWH,2017-03-24,close all
8391,TGT,2017-02-28,close all
8481,TITN,2017-03-30,close all
8571,TJX,2017-02-22,close all
9111,WMT,2017-02-21,close all
9291,WSM,2017-03-16,close all
27,AEO,2017-05-10,0.0243902439
62,BBY,2017-05-10,0.0243902439
716,BIG,2017-05-10,-0.0243902439
109,BOBE,2017-05-10,0.0243902439
118,BURL,2017-05-10,-0.0243902439
163,CASY,2017-05-10,-0.0243902439
172,CATO,2017-05-10,-0.0243902439
1811,CBRL,2017-05-10,0.0243902439
217,CONN,2017-05-10,0.0243902439
235,CTRN,2017-05-10,0.0243902439
271,DG,2017-05-10,0.0243902439
280,DKS,2017-05-10,-0.0243902439
289,DLTR,2017-05-10,0.0243902439
307,DSW,2017-05-10,-0.0243902439
316,EXPR,2017-05-10,-0.0243902439
333,FIVE,2017-05-10,-0.0243902439
342,FL,2017-05-10,-0.0243902439
3511,FRAN,2017-05-10,-0.0243902439
378,GCO,2017-05-10,-0.0243902439
387,GME,2017-05-10,0.0243902439
396,GPS,2017-05-10,0.0243902439
414,HD,2017-05-10,0.0243902439
423,HIBB,2017-05-10,-0.0243902439
471,JCP,2017-05-10,0.0243902439
480,JWN,2017-05-10,-0.0243902439
519,LB,2017-05-10,-0.0243902439
546,LOW,2017-05-10,0.0243902439
564,MIK,2017-05-10,0.0243902439
635,PLAY,2017-05-10,-0.0243902439
644,PLCE,2017-05-10,-0.0243902439
679,RH,2017-05-10,0.0243902439
688,ROST,2017-05-10,-0.0243902439
7611,SHLD,2017-05-10,0.0243902439
770,SIG,2017-05-10,0.0243902439
788,SMRT,2017-05-10,-0.0243902439
805,SPLS,2017-05-10,-0.0243902439
814,SPWH,2017-05-10,0.0243902439
840,TGT,2017-05-10,0.0243902439
849,TITN,2017-05-10,0.0243902439
9121,WMT,2017-05-10,0.0243902439
930,WSM,2017-05-10,-0.0243902439
2710,AEO,2017-05-17,close all
621,BBY,2017-05-25,close all
717,BIG,2017-05-26,close all
1091,BOBE,2017-06-15,close all
1181,BURL,2017-05-25,close all
1631,CASY,2017-06-06,close all
1721,CATO,2017-05-18,close all
1812,CBRL,2017-05-23,close all
2171,CONN,2017-06-06,close all
2351,CTRN,2017-05-17,close all
2711,DG,2017-06-01,close all
2801,DKS,2017-05-16,close all
2891,DLTR,2017-05-25,close all
3071,DSW,2017-05-23,close all
3161,EXPR,2017-06-01,close all
3331,FIVE,2017-06-02,close all
3421,FL,2017-05-19,close all
3512,FRAN,2017-06-06,close all
3781,GCO,2017-05-25,close all
3871,GME,2017-05-26,close all
3961,GPS,2017-05-19,close all
4141,HD,2017-05-16,close all
4231,HIBB,2017-05-18,close all
4711,JCP,2017-05-12,close all
4801,JWN,2017-05-12,close all
5191,LB,2017-05-18,close all
5461,LOW,2017-05-24,close all
5641,MIK,2017-06-06,close all
6351,PLAY,2017-06-07,close all
6441,PLCE,2017-05-18,close all
6791,RH,2017-06-02,close all
6881,ROST,2017-05-19,close all
7612,SHLD,2017-05-25,close all
7701,SIG,2017-05-25,close all
7881,SMRT,2017-05-18,close all
8051,SPLS,2017-05-16,close all
8141,SPWH,2017-05-19,close all
8401,TGT,2017-05-17,close all
8491,TITN,2017-05-25,close all
9122,WMT,2017-05-18,close all
9301,WSM,2017-05-25,close all
38,AZO,2015-09-10,-0.1
47,BBBY,2015-09-10,-0.1
219,COST,2015-09-10,-0.1
318,FINL,2015-09-10,-0.1
447,ISCA,2015-09-10,0.1
482,KMX,2015-09-10,-0.1
620,PIR,2015-09-10,-0.1
655,RAD,2015-09-10,-0.1
790,SONC,2015-09-10,0.1
816,SVU,2015-09-10,-0.1
3810,AZO,2015-09-22,close all
478,BBBY,2015-09-25,close all
2191,COST,2015-09-30,close all
3181,FINL,2015-09-25,close all
4471,ISCA,2015-10-08,close all
4821,KMX,2015-09-22,close all
6201,PIR,2015-09-25,close all
6551,RAD,2015-09-17,close all
7901,SONC,2015-10-20,close all
8161,SVU,2015-10-21,close all
42,AZO,2016-09-10,-0.1111111111
5110,BBBY,2016-09-10,-0.1111111111
223,COST,2016-09-10,-0.1111111111
322,FINL,2016-09-10,-0.1111111111
451,ISCA,2016-09-10,0.1111111111
624,PIR,2016-09-10,0.1111111111
659,RAD,2016-09-10,-0.1111111111
794,SONC,2016-09-10,-0.1111111111
820,SVU,2016-09-10,-0.1111111111
4210,AZO,2016-09-22,close all
5112,BBBY,2016-09-22,close all
2231,COST,2016-09-30,close all
3221,FINL,2016-09-23,close all
4511,ISCA,2016-10-06,close all
6241,PIR,2016-09-29,close all
6591,RAD,2016-09-22,close all
7941,SONC,2016-10-25,close all
8201,SVU,2016-10-19,close all
46,BBBY,2015-06-10,0.1428571429
317,FINL,2015-06-10,0.1428571429
446,ISCA,2015-06-10,-0.1428571429
481,KMX,2015-06-10,-0.1428571429
6191,PIR,2015-06-10,-0.1428571429
789,SONC,2015-06-10,-0.1428571429
815,SVU,2015-06-10,-0.1428571429
469,BBBY,2015-06-25,close all
3171,FINL,2015-06-26,close all
4461,ISCA,2015-07-02,close all
4811,KMX,2015-06-19,close all
6192,PIR,2015-06-18,close all
7891,SONC,2015-06-23,close all
8151,SVU,2015-07-28,close all
48,BBBY,2015-12-10,-0.1428571429
319,FINL,2015-12-10,0.1428571429
448,ISCA,2015-12-10,-0.1428571429
6211,PIR,2015-12-10,-0.1428571429
656,RAD,2015-12-10,0.1428571429
7911,SONC,2015-12-10,0.1428571429
817,SVU,2015-12-10,-0.1428571429
483,BBBY,2016-01-08,close all
3191,FINL,2016-01-07,close all
4481,ISCA,2016-01-26,close all
6212,PIR,2015-12-17,close all
6561,RAD,2015-12-17,close all
7912,SONC,2016-01-06,close all
8171,SVU,2016-01-13,close all
49,BBBY,2016-03-10,-0.1428571429
320,FINL,2016-03-10,-0.1428571429
449,ISCA,2016-03-10,0.1428571429
622,PIR,2016-03-10,-0.1428571429
657,RAD,2016-03-10,-0.1428571429
792,SONC,2016-03-10,0.1428571429
818,SVU,2016-03-10,-0.1428571429
498,BBBY,2016-04-07,close all
3201,FINL,2016-03-24,close all
4491,ISCA,2016-04-05,close all
6221,PIR,2016-04-14,close all
6571,RAD,2016-04-07,close all
7921,SONC,2016-03-30,close all
8181,SVU,2016-04-26,close all
50,BBBY,2016-06-10,0.1428571429
3211,FINL,2016-06-10,0.1428571429
450,ISCA,2016-06-10,0.1428571429
623,PIR,2016-06-10,0.1428571429
658,RAD,2016-06-10,-0.1428571429
793,SONC,2016-06-10,-0.1428571429
819,SVU,2016-06-10,-0.1428571429
501,BBBY,2016-06-23,close all
3212,FINL,2016-06-24,close all
4501,ISCA,2016-07-05,close all
6231,PIR,2016-06-30,close all
6581,RAD,2016-06-16,close all
7931,SONC,2016-06-24,close all
8191,SVU,2016-07-27,close all
52,BBBY,2016-12-10,0.1428571429
323,FINL,2016-12-10,0.1428571429
452,ISCA,2016-12-10,-0.1428571429
625,PIR,2016-12-10,0.1428571429
660,RAD,2016-12-10,-0.1428571429
795,SONC,2016-12-10,-0.1428571429
8211,SVU,2016-12-10,0.1428571429
529,BBBY,2016-12-22,close all
3231,FINL,2016-12-21,close all
4521,ISCA,2017-01-26,close all
6251,PIR,2016-12-15,close all
6601,RAD,2016-12-22,close all
7951,SONC,2017-01-05,close all
8212,SVU,2017-01-11,close all
53,BBBY,2017-03-10,0.1428571429
324,FINL,2017-03-10,-0.1428571429
453,ISCA,2017-03-10,0.1428571429
626,PIR,2017-03-10,-0.1428571429
6611,RAD,2017-03-10,-0.1428571429
796,SONC,2017-03-10,0.1428571429
822,SVU,2017-03-10,0.1428571429
531,BBBY,2017-04-06,close all
3241,FINL,2017-03-24,close all
4531,ISCA,2017-04-04,close all
6261,PIR,2017-04-13,close all
6612,RAD,2017-04-25,close all
7961,SONC,2017-03-29,close all
8221,SVU,2017-04-25,close all
