,date,ticker,price,volume
0,2015-04-20,TTS,12.56,7961.78343949
1,2015-04-21,AN,64.9,1386.74884438
2,2015-04-21,CMG,692.52,129.960145555
3,2015-04-21,MCD,94.87,948.666596395
4,2015-04-21,RUSHA,27.51,3271.53762268
5,2015-04-21,TTS,14.85,-7961.78343949
6,2015-04-22,AN,65.83,-1386.74884438
7,2015-04-22,CMG,641.23,-129.960145555
8,2015-04-22,MCD,97.84,-948.666596395
9,2015-04-22,RUSHA,27.16,-3271.53762268
10,2015-04-22,CAB,53.76,1224.39078139
11,2015-04-22,CAKE,50.05,-1315.14981833
12,2015-04-22,HZO,26.69,2466.21387814
13,2015-04-22,ORLY,216.67,303.794934267
14,2015-04-23,BJRI,53.44,-1652.1005042
15,2015-04-23,CAB,57.32,-1224.39078139
16,2015-04-23,CAKE,52.42,1315.14981833
17,2015-04-23,HZO,24.4,-2466.21387814
18,2015-04-23,ORLY,228.31,-303.794934267
19,2015-04-24,BJRI,49.52,1652.1005042
20,2015-04-27,DFRG,20.54,-4966.58086467
21,2015-04-27,RCII,27.04,-3772.69123374
22,2015-04-28,BWLD,183.7,-666.392406926
23,2015-04-28,LL,33.42,-3662.96484597
24,2015-04-28,WOOF,54.08,2263.61474024
25,2015-04-28,DFRG,20.79,4966.58086467
26,2015-04-28,RCII,30.71,3772.69123374
27,2015-04-29,BWLD,160.25,666.392406926
28,2015-04-29,LL,26.76,3662.96484597
29,2015-04-29,WOOF,52.75,-2263.61474024
30,2015-04-30,CVS,99.29,-1049.51145913
31,2015-04-30,RUTH,14.55,-7161.9239022
32,2015-04-30,TUES,15.82,6586.97805165
33,2015-05-01,CVS,100.46,1049.51145913
34,2015-05-01,RUTH,15.22,7161.9239022
35,2015-05-01,TUES,14.24,-6586.97805165
36,2015-05-04,CHUY,22.15,4630.36607236
37,2015-05-04,HVT,21.37,4799.37335062
38,2015-05-04,MUSA,66.25,-1548.11484532
39,2015-05-04,TXRH,33.67,-3046.11251864
40,2015-05-05,CHUY,26.06,-4630.36607236
41,2015-05-05,HVT,21.41,-4799.37335062
42,2015-05-05,MUSA,60.98,1548.11484532
43,2015-05-05,TXRH,34.7,3046.11251864
44,2015-05-05,WEN,10.43,9833.42363401
45,2015-05-06,CHEF,19.25,4916.26624489
46,2015-05-06,SEAS,21.54,4393.59912786
47,2015-05-06,WEN,11.185,-9833.42363401
48,2015-05-07,CHEF,19.99,-4916.26624489
49,2015-05-07,SEAS,21.09,-4393.59912786
50,2015-05-07,SFM,30.21,2870.21464767
51,2015-05-08,SFM,27.23,-2870.21464767
52,2015-05-12,M,65.33,-1606.42242959
53,2015-05-13,JCP,8.71,-13253.9994326
54,2015-05-13,KSS,74.51,-1549.35357748
55,2015-05-13,PLCE,67.84,-1701.68536347
56,2015-05-13,M,63.73,1606.42242959
57,2015-05-14,DDS,124.2,-1125.90423053
58,2015-05-14,JWN,74.15,-1885.87060595
59,2015-05-14,JCP,8.04,13253.9994326
60,2015-05-14,KSS,64.62,1549.35357748
61,2015-05-14,PLCE,67.12,1701.68536347
62,2015-05-15,DDS,115.46,1125.90423053
63,2015-05-15,JWN,74.8,1885.87060595
64,2015-05-18,DKS,56.29,-1929.45307547
65,2015-05-18,HD,114.33,949.959884705
66,2015-05-18,RRGB,72.95,-1488.81307222
67,2015-05-18,WMT,79.92,1358.97039062
68,2015-05-19,AEO,15.74,6900.18510917
69,2015-05-19,CTRN,23.31,-4659.32705355
70,2015-05-19,LOW,71.83,1512.0271978
71,2015-05-19,SPLS,16.41,-6618.45908704
72,2015-05-19,TGT,77.92,-1393.85156081
73,2015-05-19,DKS,53.43,1929.45307547
74,2015-05-19,HD,112.34,-949.959884705
75,2015-05-19,RRGB,84.14,1488.81307222
76,2015-05-19,WMT,76.43,-1358.97039062
77,2015-05-20,AAP,149.9,-785.138919603
78,2015-05-20,BBY,33.78,-3484.08300913
79,2015-05-20,BKE,44.1,-2668.76018251
80,2015-05-20,CATO,38.66,-3044.29187916
81,2015-05-20,DLTR,76.26,1543.3034887
82,2015-05-20,LB,88.7,-1326.85821926
83,2015-05-20,MNRO,62.74,-1875.87382927
84,2015-05-20,SCVL,28.08,4191.3220815
85,2015-05-20,SMRT,11.59,-10154.6440076
86,2015-05-20,AEO,16.61,-6900.18510917
87,2015-05-20,CTRN,24.68,4659.32705355
88,2015-05-20,LOW,68.5,-1512.0271978
89,2015-05-20,SPLS,16.15,6618.45908704
90,2015-05-20,TGT,78.18,1393.85156081
91,2015-05-21,AAP,157.5,785.138919603
92,2015-05-21,BBY,35.11,3484.08300913
93,2015-05-21,BKE,43.1,2668.76018251
94,2015-05-21,CATO,38.53,3044.29187916
95,2015-05-21,DLTR,78.68,-1543.3034887
96,2015-05-21,LB,88.46,1326.85821926
97,2015-05-21,MNRO,59.03,1875.87382927
98,2015-05-21,SCVL,27.85,-4191.3220815
99,2015-05-21,SMRT,11.16,10154.6440076
100,2015-05-21,FL,64.0,-2582.37371481
101,2015-05-21,GPS,38.56,-4286.09745197
102,2015-05-21,HIBB,45.78,-3610.13363364
103,2015-05-21,ROST,50.775,-3254.98607086
104,2015-05-22,FL,63.46,2582.37371481
105,2015-05-22,GPS,38.01,4286.09745197
106,2015-05-22,HIBB,46.33,3610.13363364
107,2015-05-22,ROST,48.515,3254.98607086
108,2015-05-26,AZO,688.43,156.916308814
109,2015-05-26,AZO,688.43,-0.0
110,2015-05-26,DSW,34.25,-3154.04071464
111,2015-05-27,COST,145.42,742.854452458
112,2015-05-27,TITN,13.51,-7995.99515
113,2015-05-27,DSW,35.15,3154.04071464
114,2015-05-28,BIG,45.08,-2150.38689806
115,2015-05-28,GME,40.92,-2368.99905583
116,2015-05-28,COST,144.26,-742.854452458
117,2015-05-28,TITN,14.0,7995.99515
118,2015-05-29,BIG,43.9,2150.38689806
119,2015-05-29,GME,43.41,2368.99905583
120,2015-06-01,CBRL,139.79,687.640971277
121,2015-06-01,CONN,35.54,2704.70825478
122,2015-06-01,DG,72.81,-1320.22155438
123,2015-06-02,CBRL,146.55,-687.640971277
124,2015-06-02,CONN,38.07,-2704.70825478
125,2015-06-02,DG,74.98,1320.22155438
126,2015-06-03,FIVE,35.1,-2763.19030719
127,2015-06-04,FIVE,37.77,2763.19030719
128,2015-06-08,BURL,53.89,-1786.04950771
129,2015-06-09,BURL,49.35,1786.04950771
130,2015-06-09,FRAN,16.08,-6584.28039599
131,2015-06-10,FRAN,13.805,6584.28039599
132,2015-06-16,BOBE,47.5,2074.92627868
133,2015-06-17,BOBE,48.34,-2074.92627868
134,2015-06-17,PIR,12.01,-7385.7700594
135,2015-06-18,KMX,71.96,-1495.32520686
136,2015-06-18,PIR,12.0,7385.7700594
137,2015-06-19,KMX,69.27,1495.32520686
138,2015-06-22,SONC,34.22,-2897.22151652
139,2015-06-23,SONC,30.71,2897.22151652
140,2015-06-24,BBBY,70.34,1423.93865578
141,2015-06-25,BBBY,69.23,-1423.93865578
142,2015-06-25,FINL,27.0,3338.66150158
143,2015-06-26,FINL,28.25,-3338.66150158
144,2015-07-01,ISCA,36.98,-2715.49812181
145,2015-07-02,ISCA,34.55,2715.49812181
146,2015-07-20,TTS,14.6,6923.21825945
147,2015-07-21,AN,64.72,-1405.61013488
148,2015-07-21,CMG,673.07,-135.158435124
149,2015-07-21,HZO,21.63,-4205.78307578
150,2015-07-21,RUSHA,23.87,-3811.10548509
151,2015-07-21,TTS,13.77,-6923.21825945
152,2015-07-22,AN,62.88,1405.61013488
153,2015-07-22,CMG,725.82,135.158435124
154,2015-07-22,HZO,22.11,4205.78307578
155,2015-07-22,RUSHA,25.34,3811.10548509
156,2015-07-22,CAB,51.72,2646.80577425
157,2015-07-22,CAKE,55.12,-2483.54126713
158,2015-07-22,DFRG,17.2,7958.88340954
159,2015-07-22,MCD,97.58,-1402.87758397
160,2015-07-22,MNRO,62.02,-2207.23628901
161,2015-07-23,BJRI,49.8,-2268.61848117
162,2015-07-23,CAB,45.77,-2646.80577425
163,2015-07-23,CAKE,56.48,2483.54126713
164,2015-07-23,DFRG,14.25,-7958.88340954
165,2015-07-23,MCD,97.09,1402.87758397
166,2015-07-23,MNRO,61.85,2207.23628901
167,2015-07-24,BJRI,49.89,2268.61848117
168,2015-07-27,RCII,26.34,3610.98275233
169,2015-07-27,SVU,51.52,-1846.14296771
170,2015-07-28,BWLD,171.28,555.308767494
171,2015-07-28,WOOF,54.22,1754.21035958
172,2015-07-28,RCII,27.49,-3610.98275233
173,2015-07-28,SVU,56.98,1846.14296771
174,2015-07-29,BWLD,189.74,-555.308767494
175,2015-07-29,WOOF,60.1,-1754.21035958
176,2015-07-29,HVT,22.79,3312.76426122
177,2015-07-29,ORLY,241.71,-312.349085736
178,2015-07-30,CHEF,19.2,-5030.05887129
179,2015-07-30,RUTH,16.32,-5917.71631917
180,2015-07-30,HVT,22.42,-3312.76426122
181,2015-07-30,ORLY,238.15,312.349085736
182,2015-07-31,CHEF,17.2,5030.05887129
183,2015-07-31,RUTH,17.53,5917.71631917
184,2015-08-03,CVS,112.82,858.497805578
185,2015-08-03,TXRH,40.78,2375.07901975
186,2015-08-04,CVS,109.96,-858.497805578
187,2015-08-04,TXRH,38.85,-2375.07901975
188,2015-08-04,CHUY,27.83,-2784.21049013
189,2015-08-04,LL,18.36,-4220.29291613
190,2015-08-04,PBPB,13.88,-5582.46238762
191,2015-08-04,WEN,10.29,-7530.08531975
192,2015-08-05,CHUY,34.22,2784.21049013
193,2015-08-05,LL,13.27,4220.29291613
194,2015-08-05,PBPB,12.26,5582.46238762
195,2015-08-05,WEN,10.11,7530.08531975
196,2015-08-05,JACK,97.14,-1308.89060097
197,2015-08-05,MUSA,53.78,-2364.18060577
198,2015-08-05,SEAS,17.4,-7307.2202861
199,2015-08-06,JACK,91.11,1308.89060097
200,2015-08-06,MUSA,50.71,2364.18060577
201,2015-08-06,SEAS,18.14,7307.2202861
202,2015-08-06,SFM,23.5,-5774.65577571
203,2015-08-07,SFM,20.77,5774.65577571
204,2015-08-10,RRGB,88.31,1133.63754999
205,2015-08-11,M,67.53,1334.22743722
206,2015-08-11,RRGB,80.15,-1133.63754999
207,2015-08-12,DDS,94.8,951.22833244
208,2015-08-12,KSS,61.5,1466.28367342
209,2015-08-12,M,64.11,-1334.22743722
210,2015-08-13,DDS,97.03,-951.22833244
211,2015-08-13,KSS,56.11,-1466.28367342
212,2015-08-13,JCP,8.07,9999.36664589
213,2015-08-13,JWN,74.92,-1077.08073722
214,2015-08-14,JCP,8.52,-9999.36664589
215,2015-08-14,JWN,78.13,1077.08073722
216,2015-08-17,DKS,50.7,-1937.99218177
217,2015-08-17,HD,119.7,-820.853831378
218,2015-08-17,WMT,71.91,-1366.3774665
219,2015-08-18,AEO,18.27,6991.41021898
220,2015-08-18,CTRN,22.74,5617.10926564
221,2015-08-18,LOW,73.02,-1749.28875241
222,2015-08-18,SPLS,14.15,9027.0717103
223,2015-08-18,TGT,80.3,-1590.69819054
224,2015-08-18,DKS,52.61,1937.99218177
225,2015-08-18,HD,122.8,820.853831378
226,2015-08-18,WMT,69.48,1366.3774665
227,2015-08-19,AEO,16.9,-6991.41021898
228,2015-08-19,CTRN,28.46,-5617.10926564
229,2015-08-19,LOW,74.37,1749.28875241
230,2015-08-19,SPLS,14.12,-9027.0717103
231,2015-08-19,TGT,80.87,1590.69819054
232,2015-08-19,BKE,42.89,1986.25100666
233,2015-08-19,CATO,37.18,2291.29385895
234,2015-08-19,LB,81.18,-1049.40016846
235,2015-08-19,SHLD,23.34,3649.97025175
236,2015-08-19,SMRT,10.61,8029.24652929
237,2015-08-20,BKE,41.82,-1986.25100666
238,2015-08-20,CATO,33.94,-2291.29385895
239,2015-08-20,LB,83.94,1049.40016846
240,2015-08-20,SHLD,22.97,-3649.97025175
241,2015-08-20,SMRT,10.99,-8029.24652929
242,2015-08-20,FL,71.72,1036.0816892
243,2015-08-20,GPS,33.66,-2207.59889333
244,2015-08-20,HIBB,39.06,1902.40088964
245,2015-08-20,ROST,55.25,1344.93717194
246,2015-08-20,TUES,9.26,-8024.5981371
247,2015-08-21,FL,69.02,-1036.0816892
248,2015-08-21,GPS,32.19,2207.59889333
249,2015-08-21,HIBB,37.37,-1902.40088964
250,2015-08-21,ROST,50.0,-1344.93717194
251,2015-08-21,TUES,5.91,8024.5981371
252,2015-08-24,BBY,29.27,3433.40649122
253,2015-08-24,DSW,30.87,3255.45215413
254,2015-08-24,PLCE,57.18,1757.53424271
255,2015-08-25,BBY,32.95,-3433.40649122
256,2015-08-25,DSW,27.35,-3255.45215413
257,2015-08-25,PLCE,58.2,-1757.53424271
258,2015-08-25,EXPR,16.9,4162.54826028
259,2015-08-26,BURL,47.8,1961.46327116
260,2015-08-26,DG,76.71,-1222.23887839
261,2015-08-26,SIG,121.29,773.00638438
262,2015-08-26,WSM,83.12,1127.98296874
263,2015-08-26,EXPR,20.25,-4162.54826028
264,2015-08-27,BIG,42.0,-1986.55989801
265,2015-08-27,GME,46.2,-1805.96354364
266,2015-08-27,BURL,53.35,-1961.46327116
267,2015-08-27,DG,74.27,1222.23887839
268,2015-08-27,SIG,138.82,-773.00638438
269,2015-08-27,WSM,76.7,-1127.98296874
270,2015-08-28,BIG,48.58,1986.55989801
271,2015-08-28,GME,42.49,1805.96354364
272,2015-08-31,DLTR,76.26,1358.0869942
273,2015-09-01,BOBE,44.78,2081.53065566
274,2015-09-01,DLTR,69.65,-1358.0869942
275,2015-09-02,BOBE,47.97,-2081.53065566
276,2015-09-02,FIVE,38.01,-2455.90435146
277,2015-09-02,GCO,58.7,1590.27128448
278,2015-09-03,FIVE,34.49,2455.90435146
279,2015-09-03,GCO,62.71,-1590.27128448
280,2015-09-08,BKS,16.3,6431.6689614
281,2015-09-08,CASY,108.49,-966.32135746
282,2015-09-08,CONN,29.94,-3501.54322214
283,2015-09-08,FRAN,12.63,8300.57039357
284,2015-09-08,TITN,10.36,-10119.3247173
285,2015-09-09,BKS,11.8,-6431.6689614
286,2015-09-09,CASY,108.17,966.32135746
287,2015-09-09,CONN,28.49,3501.54322214
288,2015-09-09,FRAN,11.5,-8300.57039357
289,2015-09-09,TITN,12.39,10119.3247173
290,2015-09-10,KR,35.4,2810.40711064
291,2015-09-10,KR,35.4,2810.40711064
292,2015-09-10,RH,91.06,1092.55888114
293,2015-09-11,KR,37.29,-5620.81422129
294,2015-09-11,KR,37.29,-5620.81422129
295,2015-09-11,RH,99.55,-1092.55888114
296,2015-09-15,CBRL,151.07,-810.474245885
297,2015-09-16,CBRL,145.59,810.474245885
298,2015-09-16,RAD,8.59,-15678.9497973
299,2015-09-17,RAD,7.66,15678.9497973
300,2015-09-21,AZO,728.4,-170.703770653
301,2015-09-21,KMX,62.66,-1984.3700374
302,2015-09-22,AZO,728.0,13.7874618396
303,2015-09-22,KMX,59.72,1984.3700374
304,2015-09-24,BBBY,59.33,-2298.23641947
305,2015-09-24,FINL,24.77,-5504.81900554
306,2015-09-24,PIR,8.67,-15727.1472627
307,2015-09-25,BBBY,59.79,2298.23641947
308,2015-09-25,FINL,19.91,5504.81900554
309,2015-09-25,PIR,7.61,15727.1472627
310,2015-09-29,COST,143.72,-978.228969792
311,2015-09-30,COST,144.57,978.228969792
312,2015-10-06,YUM,59.9835,-2342.44280637
313,2015-10-07,ISCA,33.64,4594.49197038
314,2015-10-07,YUM,48.6872,2342.44280637
315,2015-10-08,ISCA,35.6,-4594.49197038
316,2015-10-12,DFRG,13.88,10378.5686001
317,2015-10-13,DFRG,14.4,-10378.5686001
318,2015-10-19,SIX,50.17,-2882.08526484
319,2015-10-19,SONC,26.62,5431.78879552
320,2015-10-19,TTS,13.05,11080.0166848
321,2015-10-20,CMG,705.63,-184.423559037
322,2015-10-20,LAD,106.56,-1221.2349471
323,2015-10-20,RUSHA,26.09,-4987.91858808
324,2015-10-20,SVU,50.47,-2578.45841021
325,2015-10-20,SIX,51.08,2882.08526484
326,2015-10-20,SONC,28.69,-5431.78879552
327,2015-10-20,TTS,14.94,-11080.0166848
328,2015-10-21,CAB,41.67,-4790.1216654
329,2015-10-21,DNKN,41.04,4863.65423482
330,2015-10-21,MCD,102.54,-1946.60005653
331,2015-10-21,MNRO,70.81,-2818.872614
332,2015-10-21,CMG,665.67,184.423559037
333,2015-10-21,LAD,110.46,1221.2349471
334,2015-10-21,RUSHA,25.02,4987.91858808
335,2015-10-21,SVU,49.63,2578.45841021
336,2015-10-22,BJRI,41.99,4488.74251201
337,2015-10-22,CAB,34.48,4790.1216654
338,2015-10-22,DNKN,39.57,-4863.65423482
339,2015-10-22,MCD,110.87,1946.60005653
340,2015-10-22,MNRO,72.83,2818.872614
341,2015-10-23,BJRI,46.86,-4488.74251201
342,2015-10-26,CAKE,51.99,-2909.89905583
343,2015-10-26,RCII,25.78,5868.33405403
344,2015-10-27,AN,61.0,-2480.09265431
345,2015-10-27,SAH,21.92,6901.71769675
346,2015-10-27,WOOF,54.96,-2752.65014397
347,2015-10-27,CAKE,49.6,2909.89905583
348,2015-10-27,RCII,18.06,-5868.33405403
349,2015-10-28,AN,62.45,2480.09265431
350,2015-10-28,SAH,24.04,-6901.71769675
351,2015-10-28,WOOF,53.85,2752.65014397
352,2015-10-28,BWLD,184.4,-881.666643648
353,2015-10-28,HVT,23.15,-7022.86518742
354,2015-10-28,ORLY,263.04,-618.078349638
355,2015-10-28,PAG,51.1,-3181.59156729
356,2015-10-29,AAN,33.55,-6375.30820911
357,2015-10-29,CVS,103.8,2060.61262443
358,2015-10-29,FRGI,38.09,-5615.42636954
359,2015-10-29,RUTH,15.44,13853.0822808
360,2015-10-29,TUES,5.59,-38263.2540994
361,2015-10-29,BWLD,152.45,881.666643648
362,2015-10-29,HVT,23.12,7022.86518742
363,2015-10-29,ORLY,275.95,618.078349638
364,2015-10-29,PAG,48.41,3181.59156729
365,2015-10-30,AAN,24.67,6375.30820911
366,2015-10-30,CVS,98.78,-2060.61262443
367,2015-10-30,FRGI,35.36,5615.42636954
368,2015-10-30,RUTH,15.51,-13853.0822808
369,2015-10-30,TUES,5.41,38263.2540994
370,2015-11-02,BLMN,17.23,9210.75618023
371,2015-11-02,CAR,52.3,-3034.44223681
372,2015-11-02,HZO,15.67,-10127.7172294
373,2015-11-02,RRGB,77.44,2049.34567388
374,2015-11-02,TXRH,35.01,4533.02853429
375,2015-11-03,BLMN,17.51,-9210.75618023
376,2015-11-03,CAR,46.35,3034.44223681
377,2015-11-03,HZO,15.13,10127.7172294
378,2015-11-03,RRGB,71.03,-2049.34567388
379,2015-11-03,TXRH,36.0,-4533.02853429
380,2015-11-03,CHEF,15.51,-9208.97460263
381,2015-11-03,CHUY,28.61,4992.35218759
382,2015-11-03,LL,14.22,-10044.3879105
383,2015-11-03,PBPB,11.81,-12094.0894231
384,2015-11-03,PZZA,68.05,2098.9154458
385,2015-11-03,WEN,9.43,15146.4683019
386,2015-11-04,CHEF,18.0,9208.97460263
387,2015-11-04,CHUY,30.56,-4992.35218759
388,2015-11-04,LL,15.65,10044.3879105
389,2015-11-04,PBPB,11.65,12094.0894231
390,2015-11-04,PZZA,59.83,-2098.9154458
391,2015-11-04,WEN,9.85,-15146.4683019
392,2015-11-04,FUN,56.45,2842.28094363
393,2015-11-04,MUSA,61.84,-2594.54655996
394,2015-11-04,SEAS,19.52,-8219.60856904
395,2015-11-04,SFM,19.88,8070.76253862
396,2015-11-05,FUN,57.61,-2842.28094363
397,2015-11-05,MUSA,59.27,2594.54655996
398,2015-11-05,SEAS,18.3,8219.60856904
399,2015-11-05,SFM,23.01,-8070.76253862
400,2015-11-09,TA,10.68,-15104.9324322
401,2015-11-09,TA,10.68,-0.0
402,2015-11-10,M,47.02,-3773.98439415
403,2015-11-11,AAP,194.67,1002.71238935
404,2015-11-11,KSS,43.16,-4522.66035297
405,2015-11-11,SBH,22.13,8820.51607927
406,2015-11-11,M,40.44,3773.98439415
407,2015-11-12,AAP,164.64,-1002.71238935
408,2015-11-12,KSS,45.79,4522.66035297
409,2015-11-12,SBH,24.4,-8820.51607927
410,2015-11-12,JCP,8.79,-18249.8550467
411,2015-11-12,JWN,63.47,2527.43384057
412,2015-11-13,JCP,7.44,18249.8550467
413,2015-11-13,JWN,53.96,-2527.43384057
414,2015-11-16,DDS,72.52,-2451.70740437
415,2015-11-16,DDS,72.52,-0.0
416,2015-11-16,DKS,40.81,4356.72190554
417,2015-11-16,HD,120.84,1471.34906459
418,2015-11-16,TJX,65.65,2708.26840769
419,2015-11-16,WMT,57.87,3072.36600942
420,2015-11-17,DKS,36.96,-4356.72190554
421,2015-11-17,HD,126.18,-1471.34906459
422,2015-11-17,TJX,68.18,-2708.26840769
423,2015-11-17,WMT,59.92,-3072.36600942
424,2015-11-17,JACK,69.99,-1778.23224283
425,2015-11-17,LOW,72.85,1708.42106624
426,2015-11-17,SPLS,12.45,9996.66463258
427,2015-11-17,TGT,72.91,-1707.01515122
428,2015-11-18,BBY,31.33,6256.01635709
429,2015-11-18,BKE,30.44,-6438.92879328
430,2015-11-18,CATO,37.48,5229.48218964
431,2015-11-18,LB,92.23,2125.13273845
432,2015-11-18,SMRT,7.21,27184.603671
433,2015-11-18,JACK,74.05,1778.23224283
434,2015-11-18,LOW,73.48,-1708.42106624
435,2015-11-18,SPLS,12.11,-9996.66463258
436,2015-11-18,TGT,69.78,1707.01515122
437,2015-11-19,BBY,30.67,-6256.01635709
438,2015-11-19,BKE,29.79,6438.92879328
439,2015-11-19,CATO,37.98,-5229.48218964
440,2015-11-19,LB,92.13,-2125.13273845
441,2015-11-19,SMRT,7.89,-27184.603671
442,2015-11-19,FL,61.53,2222.99320833
443,2015-11-19,GPS,25.09,-5451.60510597
444,2015-11-19,HIBB,28.65,-4774.19797936
445,2015-11-19,ROST,46.2,2960.62277292
446,2015-11-19,WSM,66.21,-2065.86274141
447,2015-11-20,FL,65.02,-2222.99320833
448,2015-11-20,GPS,26.98,5451.60510597
449,2015-11-20,HIBB,33.3,4774.19797936
450,2015-11-20,ROST,50.84,-2960.62277292
451,2015-11-20,WSM,63.94,2065.86274141
452,2015-11-23,BURL,44.21,4456.99226388
453,2015-11-23,CBRL,138.86,-1419.00927543
454,2015-11-23,CTRN,23.9,-8244.50326301
455,2015-11-23,DLTR,69.55,-2833.12189771
456,2015-11-23,DSW,23.05,-8548.53049831
457,2015-11-23,SIG,140.65,1400.95007455
458,2015-11-23,GME,37.61,-5239.12863563
459,2015-11-23,GME,37.61,-0.0
460,2015-11-24,BURL,47.41,-4456.99226388
461,2015-11-24,CBRL,129.91,1419.00927543
462,2015-11-24,CTRN,20.12,8244.50326301
463,2015-11-24,DLTR,74.16,2833.12189771
464,2015-11-24,DSW,23.51,8548.53049831
465,2015-11-24,SIG,134.89,-1400.95007455
466,2015-12-01,BOBE,39.9,-5515.14824569
467,2015-12-02,AEO,15.81,-15310.5538585
468,2015-12-02,DG,65.35,3704.05289217
469,2015-12-02,EXPR,17.39,-13919.4857104
470,2015-12-02,KR,38.11,6351.60998435
471,2015-12-02,SHLD,20.41,11859.8655808
472,2015-12-02,TITN,12.46,-19426.9547756
473,2015-12-02,BOBE,39.6,5515.14824569
474,2015-12-03,AEO,15.32,15310.5538585
475,2015-12-03,DG,68.12,-3704.05289217
476,2015-12-03,EXPR,16.33,13919.4857104
477,2015-12-03,KR,39.91,-730.795763061
478,2015-12-03,SHLD,19.0,-11859.8655808
479,2015-12-03,TITN,10.87,19426.9547756
480,2015-12-03,BIG,42.74,5152.54724966
481,2015-12-03,BKS,12.05,18275.5078382
482,2015-12-03,FIVE,27.91,7890.35719995
483,2015-12-03,GCO,52.24,-4215.54114568
484,2015-12-04,BIG,40.04,-5152.54724966
485,2015-12-04,BKS,10.04,-18275.5078382
486,2015-12-04,FIVE,29.43,-7890.35719995
487,2015-12-04,GCO,57.6,4215.54114568
488,2015-12-07,AZO,752.17,262.539158882
489,2015-12-07,CASY,120.01,-1645.48020278
490,2015-12-07,CONN,24.64,-8014.3700948
491,2015-12-07,PLCE,48.76,-4049.91958851
492,2015-12-08,AZO,796.09,-262.539158882
493,2015-12-08,CASY,125.49,1645.48020278
494,2015-12-08,CONN,25.43,8014.3700948
495,2015-12-08,PLCE,54.88,4049.91958851
496,2015-12-08,COST,168.87,1403.26224293
497,2015-12-08,FRAN,15.38,15407.6004527
498,2015-12-09,COST,159.72,-1403.26224293
499,2015-12-09,FRAN,16.33,-15407.6004527
500,2015-12-10,RH,87.59,2223.92372458
501,2015-12-11,RH,83.81,-2223.92372458
502,2015-12-16,PIR,5.95,-32597.1152719
503,2015-12-16,RAD,7.9,24550.991882
504,2015-12-17,PIR,4.75,32597.1152719
505,2015-12-17,RAD,7.88,-24550.991882
506,2016-01-05,SONC,31.43,6293.83988917
507,2016-01-06,FINL,18.5,9623.45129432
508,2016-01-06,SONC,29.35,-6293.83988917
509,2016-01-07,BBBY,46.51,-3842.24648732
510,2016-01-07,FINL,16.63,-9623.45129432
511,2016-01-08,BBBY,46.64,3842.24648732
512,2016-01-12,SVU,42.07,-4626.97253205
513,2016-01-13,SVU,35.56,4626.97253205
514,2016-01-25,ISCA,31.84,-6208.19389264
515,2016-01-25,MNRO,61.88,3194.39065193
516,2016-01-25,MCD,119.2,-1658.29608676
517,2016-01-25,MCD,119.2,-0.0
518,2016-01-26,ISCA,33.28,6208.19389264
519,2016-01-26,MNRO,64.33,-3194.39065193
520,2016-01-27,AN,44.06,-4932.46547174
521,2016-01-28,AN,41.53,4932.46547174
522,2016-01-28,TUES,6.37,-37528.5512643
523,2016-01-29,TUES,5.57,37528.5512643
524,2016-02-01,RCII,13.28,-16684.8363366
525,2016-02-02,CMG,475.67,512.397437731
526,2016-02-02,RCII,9.89,16684.8363366
527,2016-02-03,BWLD,143.64,-1412.26383423
528,2016-02-03,DNKN,40.86,4964.69841283
529,2016-02-03,HZO,15.94,12726.3222803
530,2016-02-03,MUSA,58.63,-3459.96208678
531,2016-02-03,SBH,26.64,-7614.77391697
532,2016-02-03,YUM,52.0955,-3893.95585316
533,2016-02-03,CMG,461.74,-512.397437731
534,2016-02-04,BWLD,154.57,1412.26383423
535,2016-02-04,DNKN,43.36,-4964.69841283
536,2016-02-04,HZO,17.07,-12726.3222803
537,2016-02-04,MUSA,57.73,3459.96208678
538,2016-02-04,SBH,30.13,7614.77391697
539,2016-02-04,YUM,51.9948,3893.95585316
540,2016-02-08,CVS,89.65,2513.61643853
541,2016-02-08,WEN,10.15,-22201.5481492
542,2016-02-09,CVS,90.51,-2513.61643853
543,2016-02-09,WEN,9.71,22201.5481492
544,2016-02-09,RUSHA,18.51,-12174.2687042
545,2016-02-10,AAP,138.57,1797.4548908
546,2016-02-10,ORLY,236.7,1052.27428905
547,2016-02-10,PAG,31.11,-8006.21421465
548,2016-02-10,WOOF,47.73,5218.38098089
549,2016-02-10,RUSHA,15.81,12174.2687042
550,2016-02-11,AAP,138.41,-1797.4548908
551,2016-02-11,ORLY,249.53,-1052.27428905
552,2016-02-11,PAG,31.36,8006.21421465
553,2016-02-11,WOOF,48.61,-5218.38098089
554,2016-02-11,RRGB,58.77,-3062.9766982
555,2016-02-11,RUTH,15.43,-11666.3085258
556,2016-02-12,RRGB,62.94,3062.9766982
557,2016-02-12,RUTH,16.18,11666.3085258
558,2016-02-16,BLMN,16.91,-13557.2999278
559,2016-02-16,CAKE,49.37,4643.58804496
560,2016-02-16,FUN,52.44,-4371.73802021
561,2016-02-16,PBPB,11.16,20542.4679014
562,2016-02-16,TTS,13.03,17594.31633
563,2016-02-16,TTS,13.03,-0.0
564,2016-02-17,AAN,23.44,8802.41244034
565,2016-02-17,CAB,44.02,-4687.15464792
566,2016-02-17,JACK,76.91,-2682.72718244
567,2016-02-17,SIX,51.39,-4014.95519754
568,2016-02-17,WMT,66.11,-3120.98846773
569,2016-02-17,BLMN,15.1,13557.2999278
570,2016-02-17,CAKE,49.84,-4643.58804496
571,2016-02-17,FUN,54.33,4371.73802021
572,2016-02-17,PBPB,12.25,-20542.4679014
573,2016-02-18,AAN,21.96,-8802.41244034
574,2016-02-18,CAB,42.3,4687.15464792
575,2016-02-18,JACK,64.48,2682.72718244
576,2016-02-18,SIX,52.68,4014.95519754
577,2016-02-18,WMT,64.12,3120.98846773
578,2016-02-18,BJRI,43.54,6254.29725132
579,2016-02-18,CHEF,15.55,-17512.0323037
580,2016-02-18,JWN,52.72,-5165.25232023
581,2016-02-19,BJRI,45.1,-6254.29725132
582,2016-02-19,CHEF,17.61,17512.0323037
583,2016-02-19,JWN,49.17,5165.25232023
584,2016-02-22,CBRL,141.26,-1504.71899521
585,2016-02-22,DDS,72.45,-2933.83858196
586,2016-02-22,HD,122.85,1730.21249705
587,2016-02-22,M,41.06,-5176.73174045
588,2016-02-22,SAH,16.52,12866.6225946
589,2016-02-22,TXRH,36.95,5752.54682715
590,2016-02-23,CAR,29.99,-7087.582703
591,2016-02-23,LAD,87.16,2438.69441559
592,2016-02-23,LOW,67.9,3130.43601271
593,2016-02-23,PZZA,54.44,3904.41964113
594,2016-02-23,TGT,73.99,-2872.77477042
595,2016-02-23,TJX,72.69,-2924.15195024
596,2016-02-23,CBRL,147.48,1504.71899521
597,2016-02-23,DDS,78.37,5385.54598633
598,2016-02-23,HD,124.53,-1730.21249705
599,2016-02-23,M,42.31,5176.73174045
600,2016-02-23,SAH,17.91,-12866.6225946
601,2016-02-23,TXRH,41.65,-5752.54682715
602,2016-02-24,BBY,31.47,-6190.19855293
603,2016-02-24,FRGI,37.46,-5200.36167808
604,2016-02-24,HVT,19.55,-9964.47818214
605,2016-02-24,KSS,45.46,-4285.2078412
606,2016-02-24,LB,83.19,-2341.69429572
607,2016-02-24,RH,51.92,-3752.03290564
608,2016-02-24,SEAS,19.83,-9823.77954921
609,2016-02-24,SFM,25.21,7727.31251332
610,2016-02-24,SHLD,16.97,-11479.4076877
611,2016-02-24,CAR,22.04,7087.582703
612,2016-02-24,LAD,94.02,-2438.69441559
613,2016-02-24,LOW,68.62,-3130.43601271
614,2016-02-24,PZZA,59.6,-3904.41964113
615,2016-02-24,TGT,76.94,2872.77477042
616,2016-02-24,TJX,74.24,2924.15195024
617,2016-02-25,BBY,32.24,6190.19855293
618,2016-02-25,FRGI,34.9,5200.36167808
619,2016-02-25,HVT,18.93,9964.47818214
620,2016-02-25,KSS,46.67,4285.2078412
621,2016-02-25,LB,85.67,2341.69429572
622,2016-02-25,RH,38.49,3752.03290564
623,2016-02-25,SEAS,18.01,9823.77954921
624,2016-02-25,SFM,27.43,-7727.31251332
625,2016-02-25,SHLD,17.52,11479.4076877
626,2016-02-25,FL,67.03,-5063.64858749
627,2016-02-25,GPS,27.6,-12297.6943775
628,2016-02-25,JCP,8.36,-40600.0436387
629,2016-02-26,FL,64.14,5063.64858749
630,2016-02-26,GPS,27.23,12297.6943775
631,2016-02-26,JCP,9.59,40600.0436387
632,2016-02-29,AZO,774.57,268.8734179
633,2016-02-29,DFRG,15.44,-13488.4250844
634,2016-02-29,DLTR,80.25,-2595.15617823
635,2016-02-29,LL,11.33,-18381.4018802
636,2016-02-29,LL,11.33,-0.0
637,2016-03-01,AZO,790.56,-268.8734179
638,2016-03-01,DFRG,16.48,13488.4250844
639,2016-03-01,DLTR,82.03,2595.15617823
640,2016-03-01,BOBE,43.93,5688.90370961
641,2016-03-01,CHUY,32.79,7621.63891318
642,2016-03-01,ROST,56.23,-4444.4876394
643,2016-03-02,AEO,15.44,-13125.7287709
644,2016-03-02,BKS,10.23,-19810.4840883
645,2016-03-02,BURL,56.76,-3570.49422522
646,2016-03-02,COST,152.79,1326.40390224
647,2016-03-02,KR,40.65,-4985.51665986
648,2016-03-02,BOBE,46.52,-5688.90370961
649,2016-03-02,CHUY,33.95,-7621.63891318
650,2016-03-02,ROST,57.74,4444.4876394
651,2016-03-03,AEO,15.0,13125.7287709
652,2016-03-03,BKS,10.94,19810.4840883
653,2016-03-03,BURL,55.18,3570.49422522
654,2016-03-03,COST,151.6,-1326.40390224
655,2016-03-03,KR,37.8,4985.51665986
656,2016-03-03,BIG,41.89,-6926.17332127
657,2016-03-03,SPLS,9.87,-29395.8865682
658,2016-03-04,BIG,42.9,6926.17332127
659,2016-03-04,SPLS,9.6,29395.8865682
660,2016-03-07,CASY,102.36,-2251.18528878
661,2016-03-07,DKS,44.34,-5196.91759494
662,2016-03-08,CASY,104.61,2251.18528878
663,2016-03-08,DKS,44.56,5196.91759494
664,2016-03-08,EXPR,19.04,-14522.9827412
665,2016-03-09,DG,75.21,-3423.2447337
666,2016-03-09,SMRT,8.0,-32182.7795527
667,2016-03-09,EXPR,19.66,14522.9827412
668,2016-03-10,CTRN,19.34,-14498.5780578
669,2016-03-10,GCO,67.7,-4141.83899021
670,2016-03-10,HIBB,36.2,-7745.92540434
671,2016-03-10,DG,83.23,3423.2447337
672,2016-03-10,SMRT,7.01,32182.7795527
673,2016-03-11,CTRN,17.53,14498.5780578
674,2016-03-11,GCO,65.29,4141.83899021
675,2016-03-11,HIBB,36.45,7745.92540434
676,2016-03-14,DSW,27.49,8467.78766613
677,2016-03-14,PLCE,70.68,-3293.42788543
678,2016-03-14,TA,7.69,-30270.4139066
679,2016-03-14,TA,7.69,15104.9324322
680,2016-03-15,DSW,28.34,-8467.78766613
681,2016-03-15,PLCE,76.48,3293.42788543
682,2016-03-16,CATO,36.71,-6626.29561356
683,2016-03-16,MIK,24.32,-10002.1098673
684,2016-03-16,WSM,59.46,-4091.00760131
685,2016-03-17,CATO,38.0,6626.29561356
686,2016-03-17,MIK,27.44,10002.1098673
687,2016-03-17,WSM,55.74,4091.00760131
688,2016-03-22,FIVE,38.89,-6191.76437102
689,2016-03-22,FRAN,17.34,-13886.8348552
690,2016-03-23,FINL,18.94,-15256.4551038
691,2016-03-23,SIG,118.01,-2448.58282914
692,2016-03-23,SPWH,13.79,-20954.1160019
693,2016-03-23,FIVE,41.54,6191.76437102
694,2016-03-23,FRAN,18.44,13886.8348552
695,2016-03-24,FINL,19.07,15256.4551038
696,2016-03-24,SIG,121.42,2448.58282914
697,2016-03-24,SPWH,12.23,20954.1160019
698,2016-03-24,GME,30.27,-10714.1237164
699,2016-03-28,CONN,15.65,-17399.139995
700,2016-03-28,GME,30.09,15953.2523521
701,2016-03-29,CONN,11.81,17399.139995
702,2016-03-29,SONC,32.56,7724.9035223
703,2016-03-30,SONC,34.58,-7724.9035223
704,2016-04-04,ISCA,36.26,6412.9868964
705,2016-04-05,ISCA,35.25,-6412.9868964
706,2016-04-06,BBBY,48.81,-4750.81321834
707,2016-04-06,RAD,8.13,-28522.4099861
708,2016-04-07,BBBY,48.97,4750.81321834
709,2016-04-07,RAD,8.09,28522.4099861
710,2016-04-12,TITN,11.5,-20167.4147666
711,2016-04-13,PIR,7.34,-34757.1930241
712,2016-04-13,TITN,11.44,20167.4147666
713,2016-04-14,PIR,6.91,34757.1930241
714,2016-04-18,TTS,15.95,-14642.0585332
715,2016-04-19,TTS,17.91,-2952.2577968
716,2016-04-20,LAD,92.5,2834.40443977
717,2016-04-20,RUSHA,17.98,14581.8915839
718,2016-04-20,YUM,59.3435,4418.04764934
719,2016-04-21,AN,48.05,3819.51482778
720,2016-04-21,BJRI,40.8,-4498.22763419
721,2016-04-21,MCD,125.79,1459.00061591
722,2016-04-21,LAD,79.14,-2834.40443977
723,2016-04-21,RUSHA,17.87,-14581.8915839
724,2016-04-21,YUM,58.7467,-4418.04764934
725,2016-04-22,AN,49.49,-3819.51482778
726,2016-04-22,BJRI,44.52,4498.22763419
727,2016-04-22,MCD,125.5,199.295470852
728,2016-04-25,BLMN,17.38,-13578.4993673
729,2016-04-25,DFRG,15.78,14955.2800383
730,2016-04-25,HZO,19.06,12381.6536728
731,2016-04-25,PAG,36.03,6549.93946724
732,2016-04-25,SAH,16.52,14285.3703998
733,2016-04-25,SVU,36.05,-6546.30565893
734,2016-04-26,BLMN,18.85,13578.4993673
735,2016-04-26,DFRG,16.15,-14955.2800383
736,2016-04-26,HZO,19.91,-12381.6536728
737,2016-04-26,PAG,40.06,-6549.93946724
738,2016-04-26,SAH,19.04,-14285.3703998
739,2016-04-26,SVU,37.45,6546.30565893
740,2016-04-26,BWLD,144.62,-1305.45882453
741,2016-04-26,CMG,445.92,423.384138867
742,2016-04-26,SIX,58.65,3219.01884405
743,2016-04-26,WOOF,61.36,3076.84900918
744,2016-04-27,BWLD,129.0,1305.45882453
745,2016-04-27,CMG,417.22,-423.384138867
746,2016-04-27,SIX,61.33,-3219.01884405
747,2016-04-27,WOOF,64.74,-3076.84900918
748,2016-04-27,CAB,52.19,3892.85362395
749,2016-04-27,CAKE,51.31,-3959.61860523
750,2016-04-27,DNKN,47.86,4245.04869691
751,2016-04-27,ORLY,272.87,744.5597927
752,2016-04-27,RCII,15.71,-12932.4016954
753,2016-04-27,RUTH,17.63,11523.994931
754,2016-04-28,AAN,25.5,-7961.57653995
755,2016-04-28,TUES,8.75,23202.3087736
756,2016-04-28,CAB,52.28,-3892.85362395
757,2016-04-28,CAKE,51.2,3959.61860523
758,2016-04-28,DNKN,47.47,-4245.04869691
759,2016-04-28,ORLY,265.03,-744.5597927
760,2016-04-28,RCII,13.7,12932.4016954
761,2016-04-28,RUTH,16.21,-11523.994931
762,2016-04-29,AAN,26.21,7961.57653995
763,2016-04-29,TUES,8.68,-23202.3087736
764,2016-05-02,CVS,101.45,-2397.42163599
765,2016-05-02,HVT,18.53,13125.6570411
766,2016-05-02,TXRH,42.06,-5782.65394605
767,2016-05-03,CAR,23.54,-11365.3469613
768,2016-05-03,CHEF,19.1,14007.3438465
769,2016-05-03,CHUY,31.3,8547.61237917
770,2016-05-03,FUN,57.74,4633.5342478
771,2016-05-03,PBPB,14.35,18643.9210779
772,2016-05-03,PZZA,55.62,-4810.14504617
773,2016-05-03,CVS,103.92,2397.42163599
774,2016-05-03,HVT,17.99,-13125.6570411
775,2016-05-03,TXRH,43.65,5782.65394605
776,2016-05-04,CAR,25.01,11365.3469613
777,2016-05-04,CHEF,15.86,-14007.3438465
778,2016-05-04,CHUY,33.69,-8547.61237917
779,2016-05-04,FUN,57.96,-4633.5342478
780,2016-05-04,PBPB,13.47,-18643.9210779
781,2016-05-04,PZZA,60.16,4810.14504617
782,2016-05-04,SBH,31.97,5864.5599273
783,2016-05-04,SEAS,19.47,9629.68571524
784,2016-05-05,SBH,30.13,-5864.5599273
785,2016-05-05,SEAS,18.49,-9629.68571524
786,2016-05-05,LOCO,13.16,-14864.0804704
787,2016-05-06,LOCO,11.15,14864.0804704
788,2016-05-09,FRGI,32.6,7180.18978877
789,2016-05-09,LL,13.45,-17403.2852873
790,2016-05-09,MUSA,65.3,3584.59704615
791,2016-05-09,TA,7.41,-31588.9591247
792,2016-05-09,MUSA,65.3,-0.0
793,2016-05-09,TA,7.41,30270.4139066
794,2016-05-10,FRGI,26.55,-7180.18978877
795,2016-05-10,LL,12.39,35784.6871675
796,2016-05-10,M,36.99,5721.64937575
797,2016-05-10,WEN,11.18,18930.5733818
798,2016-05-11,JACK,65.14,2211.25613779
799,2016-05-11,KSS,38.7,3721.99547328
800,2016-05-11,M,31.38,-5721.64937575
801,2016-05-11,WEN,10.19,-18930.5733818
802,2016-05-12,DDS,60.64,2514.4750968
803,2016-05-12,JCP,7.8,19548.4320346
804,2016-05-12,JWN,45.23,3371.16448972
805,2016-05-12,JACK,75.02,-2211.25613779
806,2016-05-12,KSS,35.15,-3721.99547328
807,2016-05-13,DDS,59.86,-2514.4750968
808,2016-05-13,JCP,7.58,-19548.4320346
809,2016-05-13,JWN,39.16,-3371.16448972
810,2016-05-16,HD,135.34,1326.11893082
811,2016-05-16,PLCE,68.23,2630.46953095
812,2016-05-16,RRGB,61.99,-2895.2562687
813,2016-05-16,TJX,75.19,2386.97880166
814,2016-05-17,CTRN,16.11,-8912.57286637
815,2016-05-17,LOW,76.07,1887.49242641
816,2016-05-17,SPLS,8.28,17340.7667726
817,2016-05-17,TGT,73.61,1950.57123865
818,2016-05-17,HD,132.0,-1326.11893082
819,2016-05-17,PLCE,71.05,-2630.46953095
820,2016-05-17,RRGB,50.74,2895.2562687
821,2016-05-17,TJX,75.59,-2386.97880166
822,2016-05-18,AAP,143.81,-1073.72322829
823,2016-05-18,AEO,13.39,11531.8997356
824,2016-05-18,CATO,34.8,-4437.13038679
825,2016-05-18,DKS,38.1,4052.81200683
826,2016-05-18,LB,63.78,2421.01187614
827,2016-05-18,MNRO,66.98,2305.34693133
828,2016-05-18,SMRT,5.73,26948.0170088
829,2016-05-18,WMT,63.15,2445.16448868
830,2016-05-18,CTRN,14.44,8912.57286637
831,2016-05-18,LOW,78.6,-1887.49242641
832,2016-05-18,SPLS,8.24,-17340.7667726
833,2016-05-18,TGT,68.0,-1950.57123865
834,2016-05-19,AAP,143.54,1073.72322829
835,2016-05-19,AEO,15.84,-11531.8997356
836,2016-05-19,CATO,36.5,4437.13038679
837,2016-05-19,DKS,41.36,-4052.81200683
838,2016-05-19,LB,60.62,-2421.01187614
839,2016-05-19,MNRO,62.07,-2305.34693133
840,2016-05-19,SMRT,6.11,-26948.0170088
841,2016-05-19,WMT,69.2,-2445.16448868
842,2016-05-19,FL,58.55,-2086.52252728
843,2016-05-19,GPS,17.28,7069.7855308
844,2016-05-19,HIBB,32.26,-3786.91549821
845,2016-05-19,ROST,55.52,2200.39434388
846,2016-05-20,FL,54.77,2086.52252728
847,2016-05-20,GPS,18.01,-7069.7855308
848,2016-05-20,HIBB,34.5,3786.91549821
849,2016-05-20,ROST,52.49,-2200.39434388
850,2016-05-23,AZO,742.08,-253.002580361
851,2016-05-23,BBY,33.0,5689.33802528
852,2016-05-23,DSW,21.73,-8640.04394084
853,2016-05-24,AZO,760.42,253.002580361
854,2016-05-24,BBY,30.55,-5689.33802528
855,2016-05-24,DSW,19.2,8640.04394084
856,2016-05-24,EXPR,16.03,12883.5290279
857,2016-05-24,SPWH,9.8,21073.7724814
858,2016-05-25,BURL,55.87,2627.01981993
859,2016-05-25,COST,144.54,-1015.43930635
860,2016-05-25,DG,84.13,1744.58097396
861,2016-05-25,DLTR,78.36,1873.0423346
862,2016-05-25,GCO,58.88,2492.72413959
863,2016-05-25,SHLD,12.52,-11722.9710335
864,2016-05-25,SIG,108.37,1354.35634714
865,2016-05-25,TITN,11.31,12977.1527267
866,2016-05-25,WSM,52.1,2817.11319269
867,2016-05-25,EXPR,14.68,-12883.5290279
868,2016-05-25,SPWH,8.73,-21073.7724814
869,2016-05-26,BIG,44.66,2478.64358842
870,2016-05-26,GME,29.98,3692.33564573
871,2016-05-26,BURL,60.03,-2627.01981993
872,2016-05-26,COST,149.71,1015.43930635
873,2016-05-26,DG,88.01,-1744.58097396
874,2016-05-26,DLTR,88.37,-1873.0423346
875,2016-05-26,GCO,64.26,-2492.72413959
876,2016-05-26,SHLD,13.34,11722.9710335
877,2016-05-26,SIG,97.0,-1354.35634714
878,2016-05-26,TITN,10.57,-12977.1527267
879,2016-05-26,WSM,51.99,-2817.11319269
880,2016-05-27,BIG,50.95,-2478.64358842
881,2016-05-27,GME,28.8,-3692.33564573
882,2016-05-31,CBRL,151.48,1229.03132233
883,2016-06-01,CBRL,164.22,-1229.03132233
884,2016-06-01,CONN,11.71,14308.8213694
885,2016-06-02,CONN,8.63,-14308.8213694
886,2016-06-02,FIVE,42.85,3990.28753297
887,2016-06-03,FIVE,43.74,-3990.28753297
888,2016-06-06,CASY,123.77,1484.10333053
889,2016-06-06,MIK,30.14,6094.47475846
890,2016-06-07,CASY,119.72,-1484.10333053
891,2016-06-07,MIK,27.69,-6094.47475846
892,2016-06-07,PLAY,41.86,-3510.51063966
893,2016-06-08,FRAN,10.44,18801.5573365
894,2016-06-08,RH,36.07,5441.87021328
895,2016-06-08,PLAY,46.15,3510.51063966
896,2016-06-09,FRAN,10.63,-18801.5573365
897,2016-06-09,RH,28.41,-5441.87021328
898,2016-06-14,BOBE,44.74,-3940.00914164
899,2016-06-15,BOBE,40.69,3940.00914164
900,2016-06-15,KR,35.71,-5429.95267143
901,2016-06-15,RAD,7.82,-24795.8580431
902,2016-06-16,KR,35.47,5429.95267143
903,2016-06-16,RAD,7.81,24795.8580431
904,2016-06-22,BBBY,43.18,4122.90012556
905,2016-06-22,BKS,10.44,17052.3781055
906,2016-06-23,BBBY,43.83,-4122.90012556
907,2016-06-23,BKS,11.26,-17052.3781055
908,2016-06-23,FINL,16.79,8482.51708977
909,2016-06-23,SONC,30.35,-4692.6346602
910,2016-06-24,FINL,20.45,-8482.51708977
911,2016-06-24,SONC,27.56,4692.6346602
912,2016-06-29,PIR,5.44,33843.1906727
913,2016-06-30,PIR,5.14,-33843.1906727
914,2016-07-05,ISCA,32.24,5679.0217599
915,2016-07-05,ISCA,32.24,-0.0
916,2016-07-13,YUM,61.6517,2672.79726894
917,2016-07-14,YUM,63.4709,-2672.79726894
918,2016-07-18,TTS,19.75,-8368.03699567
919,2016-07-19,TTS,17.84,8368.03699567
920,2016-07-20,DFRG,14.63,11405.8117383
921,2016-07-20,DNKN,47.07,3545.08233972
922,2016-07-21,CMG,418.07,-319.309255829
923,2016-07-21,DFRG,15.66,-11405.8117383
924,2016-07-21,DNKN,46.74,-3545.08233972
925,2016-07-22,CMG,442.48,319.309255829
926,2016-07-25,HZO,19.79,-8445.95263916
927,2016-07-25,MCD,127.4,1311.97333382
928,2016-07-25,SAH,19.19,-8710.02619744
929,2016-07-26,BJRI,42.63,-4312.92383302
930,2016-07-26,BWLD,147.0,1250.74791158
931,2016-07-26,LL,16.98,-10828.0296232
932,2016-07-26,RUSHA,22.9,8028.8184717
933,2016-07-26,SIX,59.46,3092.16183992
934,2016-07-26,SVU,36.96,-4974.56555741
935,2016-07-26,WOOF,68.79,-2672.77137668
936,2016-07-26,HZO,20.0,8445.95263916
937,2016-07-26,MCD,121.71,-1311.97333382
938,2016-07-26,SAH,18.88,8710.02619744
939,2016-07-27,BJRI,38.83,4312.92383302
940,2016-07-27,BWLD,161.72,-1250.74791158
941,2016-07-27,LL,15.1,10828.0296232
942,2016-07-27,RUSHA,22.78,-8028.8184717
943,2016-07-27,SIX,56.69,-3092.16183992
944,2016-07-27,SVU,32.34,4974.56555741
945,2016-07-27,WOOF,69.32,2672.77137668
946,2016-07-27,CAB,53.83,3434.47018408
947,2016-07-27,CAKE,49.76,-3715.38444552
948,2016-07-27,LAD,83.38,2217.28867845
949,2016-07-27,MNRO,63.37,2917.42985654
950,2016-07-27,ORLY,277.51,-666.20132611
951,2016-07-27,PAG,35.65,-5185.9054701
952,2016-07-27,RCII,13.26,-13942.4984924
953,2016-07-28,AAN,21.95,-8733.42542207
954,2016-07-28,AN,52.12,-3678.02547994
955,2016-07-28,BLMN,18.95,-10116.0257527
956,2016-07-28,RUTH,15.56,-12319.967096
957,2016-07-28,CAB,51.49,-3434.47018408
958,2016-07-28,CAKE,52.19,3715.38444552
959,2016-07-28,LAD,85.73,-2217.28867845
960,2016-07-28,MNRO,62.53,-2917.42985654
961,2016-07-28,ORLY,288.67,666.20132611
962,2016-07-28,PAG,37.12,5185.9054701
963,2016-07-28,RCII,10.92,13942.4984924
964,2016-07-29,AAN,23.95,8733.42542207
965,2016-07-29,AN,53.35,3678.02547994
966,2016-07-29,BLMN,17.98,10116.0257527
967,2016-07-29,RUTH,15.97,12319.967096
968,2016-08-01,CVS,93.49,-1837.78178194
969,2016-08-01,HVT,18.11,9487.2566976
970,2016-08-01,TXRH,47.7,-3601.97523676
971,2016-08-02,CAR,34.76,-5437.15882258
972,2016-08-02,CHEF,16.15,-11702.5164503
973,2016-08-02,CHUY,33.7,-5608.17924845
974,2016-08-02,FUN,58.42,-3235.11880645
975,2016-08-02,PBPB,12.14,-15568.0099401
976,2016-08-02,PZZA,74.01,2553.65005638
977,2016-08-02,CVS,98.06,1837.78178194
978,2016-08-02,HVT,20.07,-9487.2566976
979,2016-08-02,TXRH,41.8,3601.97523676
980,2016-08-03,CAR,36.89,5437.15882258
981,2016-08-03,CHEF,11.42,11702.5164503
982,2016-08-03,CHUY,33.59,5608.17924845
983,2016-08-03,FUN,58.56,3235.11880645
984,2016-08-03,PBPB,12.8,15568.0099401
985,2016-08-03,PZZA,77.38,-2553.65005638
986,2016-08-03,FRGI,21.93,-11425.3204054
987,2016-08-03,JACK,87.73,-2856.00451944
988,2016-08-03,MUSA,74.78,3350.59209001
989,2016-08-03,SBH,29.85,-8393.8786094
990,2016-08-03,SEAS,14.84,-16883.9135102
991,2016-08-04,FRGI,22.59,11425.3204054
992,2016-08-04,JACK,96.99,2856.00451944
993,2016-08-04,MUSA,77.02,-6935.18913616
994,2016-08-04,SBH,26.49,8393.8786094
995,2016-08-04,SEAS,12.88,16883.9135102
996,2016-08-04,LOCO,13.08,-19445.9379466
997,2016-08-05,LOCO,13.45,19445.9379466
998,2016-08-08,HTZ,47.31,4429.42599233
999,2016-08-08,RRGB,48.5,4320.74523087
1000,2016-08-08,TA,7.65,27392.9599604
1001,2016-08-08,TA,7.65,31588.9591247
1002,2016-08-09,HTZ,44.96,-4429.42599233
1003,2016-08-09,RRGB,52.02,-4320.74523087
1004,2016-08-09,WEN,10.19,-12023.9202019
1005,2016-08-10,KSS,38.04,4657.39583323
1006,2016-08-10,M,34.0,5210.804044
1007,2016-08-10,WEN,9.91,12023.9202019
1008,2016-08-11,DDS,66.41,1954.79845018
1009,2016-08-11,JCP,9.94,-13060.1775731
1010,2016-08-11,JWN,47.56,-2729.56612861
1011,2016-08-11,KSS,44.19,-4657.39583323
1012,2016-08-11,M,39.81,-5210.804044
1013,2016-08-12,DDS,68.67,-1954.79845018
1014,2016-08-12,JCP,10.55,13060.1775731
1015,2016-08-12,JWN,51.38,2729.56612861
1016,2016-08-15,AAP,167.76,1011.83731235
1017,2016-08-15,DKS,54.89,3092.47271852
1018,2016-08-15,HD,137.06,-1238.4782396
1019,2016-08-15,TJX,82.77,2050.81342902
1020,2016-08-16,AAP,160.4,-1011.83731235
1021,2016-08-16,DKS,58.76,-3092.47271852
1022,2016-08-16,HD,136.23,1238.4782396
1023,2016-08-16,TJX,77.97,-2050.81342902
1024,2016-08-16,AEO,18.96,7162.27120336
1025,2016-08-16,CTRN,17.73,7659.14619378
1026,2016-08-16,LOW,81.48,-1666.62569975
1027,2016-08-16,PLCE,85.86,1581.60566056
1028,2016-08-16,SPLS,9.33,-14554.8405161
1029,2016-08-16,TGT,75.48,1799.10786984
1030,2016-08-17,AEO,18.33,-7162.27120336
1031,2016-08-17,CTRN,19.78,-7659.14619378
1032,2016-08-17,LOW,76.88,1666.62569975
1033,2016-08-17,PLCE,86.69,-1581.60566056
1034,2016-08-17,SPLS,8.67,14554.8405161
1035,2016-08-17,TGT,70.63,-1799.10786984
1036,2016-08-17,CATO,34.93,-4069.76733595
1037,2016-08-17,LB,74.06,1919.48383803
1038,2016-08-17,WMT,72.93,1949.22491491
1039,2016-08-18,CATO,35.28,4069.76733595
1040,2016-08-18,LB,77.87,-1919.48383803
1041,2016-08-18,WMT,74.3,-1949.22491491
1042,2016-08-18,FL,61.68,2548.72703106
1043,2016-08-18,GPS,25.88,-6074.40043571
1044,2016-08-18,HIBB,37.95,4142.43697697
1045,2016-08-18,ROST,62.88,2500.08720223
1046,2016-08-18,SMRT,8.99,-17486.7055924
1047,2016-08-18,SPWH,10.99,-14304.4115811
1048,2016-08-18,TUES,7.8,20154.549138
1049,2016-08-19,FL,68.49,-2548.72703106
1050,2016-08-19,GPS,26.89,6074.40043571
1051,2016-08-19,HIBB,38.18,-4142.43697697
1052,2016-08-19,ROST,65.06,-2500.08720223
1053,2016-08-19,SMRT,8.77,17486.7055924
1054,2016-08-19,SPWH,10.94,14304.4115811
1055,2016-08-19,TUES,7.44,-20154.549138
1056,2016-08-22,BBY,32.8,5297.87303098
1057,2016-08-23,BBY,39.23,-5297.87303098
1058,2016-08-23,EXPR,16.03,9756.28271207
1059,2016-08-24,BURL,78.5,2057.80186736
1060,2016-08-24,DG,91.79,-1759.85887992
1061,2016-08-24,DLTR,94.93,-1701.64802052
1062,2016-08-24,MIK,26.19,-6167.9055589
1063,2016-08-24,SHLD,14.7,10988.9419447
1064,2016-08-24,SIG,95.5,1691.4915873
1065,2016-08-24,TITN,11.16,14474.6815939
1066,2016-08-24,WSM,54.14,2983.69868097
1067,2016-08-24,EXPR,11.94,-9756.28271207
1068,2016-08-25,BIG,52.94,2661.10613578
1069,2016-08-25,GME,32.16,4380.56464018
1070,2016-08-25,BURL,80.95,-2057.80186736
1071,2016-08-25,DG,75.61,1759.85887992
1072,2016-08-25,DLTR,85.5,1701.64802052
1073,2016-08-25,MIK,25.04,6167.9055589
1074,2016-08-25,SHLD,14.07,-10988.9419447
1075,2016-08-25,SIG,83.44,-1691.4915873
1076,2016-08-25,TITN,10.87,-14474.6815939
1077,2016-08-25,WSM,55.16,-2983.69868097
1078,2016-08-26,BIG,50.57,-2661.10613578
1079,2016-08-26,GME,28.74,-4380.56464018
1080,2016-08-29,DSW,26.02,6682.37965161
1081,2016-08-30,BOBE,39.03,-4009.42779097
1082,2016-08-30,DSW,23.33,-6682.37965161
1083,2016-08-31,BOBE,41.0,4009.42779097
1084,2016-08-31,FIVE,44.56,4212.89845325
1085,2016-08-31,GCO,72.64,2584.34409522
1086,2016-09-01,FIVE,44.05,-4212.89845325
1087,2016-09-01,GCO,48.79,-2584.34409522
1088,2016-09-06,CASY,133.31,-1237.03835155
1089,2016-09-06,FRAN,13.99,11787.6756716
1090,2016-09-06,PLAY,46.27,-3564.07137769
1091,2016-09-07,BKS,12.35,-14688.3029077
1092,2016-09-07,CONN,7.2,-25194.5195709
1093,2016-09-07,CASY,121.21,1237.03835155
1094,2016-09-07,FRAN,14.97,-11787.6756716
1095,2016-09-07,PLAY,44.93,3564.07137769
1096,2016-09-08,BKS,11.85,14688.3029077
1097,2016-09-08,CONN,8.05,25194.5195709
1098,2016-09-08,KR,31.31,-6525.68779985
1099,2016-09-08,RH,35.29,5789.72187627
1100,2016-09-09,KR,31.51,6525.68779985
1101,2016-09-09,RH,36.38,-5789.72187627
1102,2016-09-13,CBRL,150.53,-1110.29445122
1103,2016-09-14,CBRL,139.98,1110.29445122
1104,2016-09-21,AZO,751.45,-223.972299405
1105,2016-09-21,BBBY,43.11,-3904.05902083
1106,2016-09-21,RAD,8.1,-20778.2696775
1107,2016-09-22,AZO,748.23,223.972299405
1108,2016-09-22,BBBY,43.43,3904.05902083
1109,2016-09-22,RAD,8.12,20778.2696775
1110,2016-09-22,FINL,23.99,-9120.26593181
1111,2016-09-23,FINL,22.75,9120.26593181
1112,2016-09-28,PIR,4.27,39658.2037508
1113,2016-09-29,COST,147.49,-1033.33430751
1114,2016-09-29,PIR,4.47,-39658.2037508
1115,2016-09-30,COST,152.51,1033.33430751
1116,2016-10-05,ISCA,33.7,5033.08487443
1117,2016-10-05,YUM,63.7226,2661.7708673
1118,2016-10-06,ISCA,31.95,-10712.1066343
1119,2016-10-06,YUM,62.8741,-2661.7708673
1120,2016-10-13,DFRG,13.08,14270.09126
1121,2016-10-14,DFRG,13.58,-14270.09126
1122,2016-10-17,TTS,16.75,11186.0476563
1123,2016-10-18,SVU,35.14,-4798.79534487
1124,2016-10-18,TTS,18.15,-11186.0476563
1125,2016-10-19,BJRI,35.69,5766.18973822
1126,2016-10-19,DNKN,51.0,4035.20219131
1127,2016-10-19,LAD,95.21,-2161.48841253
1128,2016-10-19,MNRO,59.0,-3488.05613147
1129,2016-10-19,SVU,32.06,4798.79534487
1130,2016-10-20,BJRI,34.45,-5766.18973822
1131,2016-10-20,DNKN,49.38,-4035.20219131
1132,2016-10-20,LAD,86.73,2161.48841253
1133,2016-10-20,MNRO,57.4,3488.05613147
1134,2016-10-20,MCD,110.57,-1722.07989402
1135,2016-10-21,MCD,113.93,1722.07989402
1136,2016-10-24,SONC,26.49,-7204.75937747
1137,2016-10-25,CAB,62.63,3352.05945234
1138,2016-10-25,CMG,405.67,-517.512962507
1139,2016-10-25,PAG,43.66,4808.50855474
1140,2016-10-25,SIX,51.25,-4096.38016586
1141,2016-10-25,WOOF,66.2,-3171.29129154
1142,2016-10-25,SONC,22.08,7204.75937747
1143,2016-10-26,BWLD,135.1,1591.60120758
1144,2016-10-26,CAKE,49.12,4377.55136695
1145,2016-10-26,ORLY,277.16,-775.816579393
1146,2016-10-26,RCII,9.53,22562.9929848
1147,2016-10-26,RUSHA,22.63,9501.78184466
1148,2016-10-26,TUES,5.5,39095.513299
1149,2016-10-26,CAB,62.24,-3352.05945234
1150,2016-10-26,CMG,368.02,517.512962507
1151,2016-10-26,PAG,44.52,-4808.50855474
1152,2016-10-26,SIX,53.89,4096.38016586
1153,2016-10-26,WOOF,63.2,3171.29129154
1154,2016-10-27,AAN,22.63,4866.21415296
1155,2016-10-27,AN,46.05,-2391.36647734
1156,2016-10-27,BLMN,16.92,6508.41762892
1157,2016-10-27,RUTH,14.45,7620.92915442
1158,2016-10-27,BWLD,143.2,-1591.60120758
1159,2016-10-27,CAKE,52.0,-4377.55136695
1160,2016-10-27,ORLY,253.0,775.816579393
1161,2016-10-27,RCII,9.71,-22562.9929848
1162,2016-10-27,RUSHA,26.01,-9501.78184466
1163,2016-10-27,TUES,5.3,-39095.513299
1164,2016-10-28,AAN,24.33,-4866.21415296
1165,2016-10-28,AN,44.15,2391.36647734
1166,2016-10-28,BLMN,17.29,-6508.41762892
1167,2016-10-28,RUTH,16.0,-7620.92915442
1168,2016-10-31,HVT,17.75,-11611.062397
1169,2016-10-31,HZO,19.95,10330.6444885
1170,2016-10-31,SAH,17.9,-11513.7629914
1171,2016-10-31,LL,15.51,13287.966315
1172,2016-10-31,LL,15.51,-0.0
1173,2016-11-01,CHUY,27.65,-7453.75614995
1174,2016-11-01,FUN,56.64,-3638.70687758
1175,2016-11-01,PBPB,12.9,-15976.4618253
1176,2016-11-01,PZZA,74.76,2756.77310789
1177,2016-11-01,TXRH,40.46,5093.82989486
1178,2016-11-01,HVT,18.75,11611.062397
1179,2016-11-01,HZO,16.45,-10330.6444885
1180,2016-11-01,SAH,16.95,11513.7629914
1181,2016-11-02,CAR,32.35,-6256.98093414
1182,2016-11-02,CHEF,11.15,18153.6621722
1183,2016-11-02,HABT,14.15,14304.8292028
1184,2016-11-02,MUSA,67.83,-2984.12698245
1185,2016-11-02,RRGB,45.35,4463.35905666
1186,2016-11-02,SFM,22.57,8968.24693042
1187,2016-11-02,CHUY,28.0,7453.75614995
1188,2016-11-02,FUN,59.09,3638.70687758
1189,2016-11-02,PBPB,12.6,15976.4618253
1190,2016-11-02,PZZA,78.5,-2756.77310789
1191,2016-11-02,TXRH,39.49,-5093.82989486
1192,2016-11-03,CAR,36.49,6256.98093414
1193,2016-11-03,CHEF,11.35,-18153.6621722
1194,2016-11-03,HABT,14.2,-14304.8292028
1195,2016-11-03,MUSA,65.44,2984.12698245
1196,2016-11-03,RRGB,47.75,-4463.35905666
1197,2016-11-03,SFM,20.025,-8968.24693042
1198,2016-11-03,LOCO,12.2,-11572.5321039
1199,2016-11-04,LOCO,10.85,11572.5321039
1200,2016-11-07,CVS,83.39,-2165.44011401
1201,2016-11-07,FRGI,27.05,-6675.63959731
1202,2016-11-07,HTZ,35.74,-5052.49163703
1203,2016-11-07,SEAS,14.25,-12672.0035865
1204,2016-11-07,TA,6.0,30096.0085179
1205,2016-11-08,CVS,73.53,2165.44011401
1206,2016-11-08,FRGI,25.4,6675.63959731
1207,2016-11-08,HTZ,27.7,5052.49163703
1208,2016-11-08,SEAS,15.41,12672.0035865
1209,2016-11-08,TA,5.9,-57488.9684783
1210,2016-11-08,WEN,11.13,-21091.5423576
1211,2016-11-09,KSS,45.7,4939.62099319
1212,2016-11-09,M,38.38,5881.72692519
1213,2016-11-09,WEN,11.33,21091.5423576
1214,2016-11-10,DDS,70.47,2223.58203519
1215,2016-11-10,JCP,8.81,17786.1323519
1216,2016-11-10,JWN,56.03,2796.64154953
1217,2016-11-10,KSS,50.97,-4939.62099319
1218,2016-11-10,M,40.53,-5881.72692519
1219,2016-11-11,DDS,71.28,-2223.58203519
1220,2016-11-11,JCP,9.16,-17786.1323519
1221,2016-11-11,JWN,58.72,-2796.64154953
1222,2016-11-14,AAP,142.9,1450.43131423
1223,2016-11-14,DKS,60.89,3403.95195934
1224,2016-11-14,HD,127.67,1623.45605705
1225,2016-11-14,SBH,29.12,-7117.67289849
1226,2016-11-14,TJX,74.22,2792.5981515
1227,2016-11-15,AAP,164.33,-1450.43131423
1228,2016-11-15,DKS,56.71,-3403.95195934
1229,2016-11-15,HD,124.4,-1623.45605705
1230,2016-11-15,SBH,24.84,7117.67289849
1231,2016-11-15,TJX,73.49,-2792.5981515
1232,2016-11-15,LOW,69.05,2101.18239483
1233,2016-11-15,TGT,71.44,2030.88807899
1234,2016-11-16,BBY,40.45,4505.4724975
1235,2016-11-16,CATO,35.59,5120.71825018
1236,2016-11-16,LB,67.93,2682.85532937
1237,2016-11-16,PLCE,87.6,-2080.43792835
1238,2016-11-16,SMRT,6.81,26761.5804
1239,2016-11-16,SPLS,8.98,-20294.6951585
1240,2016-11-16,WMT,71.39,-2552.82760224
1241,2016-11-16,LOW,67.02,-2101.18239483
1242,2016-11-16,TGT,76.03,-2030.88807899
1243,2016-11-17,BBY,45.99,-4505.4724975
1244,2016-11-17,CATO,30.88,-5120.71825018
1245,2016-11-17,LB,69.64,-2682.85532937
1246,2016-11-17,PLCE,99.2,2080.43792835
1247,2016-11-17,SMRT,5.12,-26761.5804
1248,2016-11-17,SPLS,9.33,20294.6951585
1249,2016-11-17,WMT,69.19,2552.82760224
1250,2016-11-17,FL,71.35,2712.60956897
1251,2016-11-17,GPS,30.71,6302.33450818
1252,2016-11-17,HIBB,45.3,4272.50977364
1253,2016-11-17,ROST,65.53,2953.52804435
1254,2016-11-17,SPWH,8.22,-23545.5830591
1255,2016-11-17,WSM,53.62,3609.56159541
1256,2016-11-18,FL,71.78,-2712.60956897
1257,2016-11-18,GPS,25.61,-6302.33450818
1258,2016-11-18,HIBB,40.4,-4272.50977364
1259,2016-11-18,ROST,68.0,-2953.52804435
1260,2016-11-18,SPWH,8.58,23545.5830591
1261,2016-11-18,WSM,52.94,-3609.56159541
1262,2016-11-21,BKS,11.45,-17438.6825726
1263,2016-11-21,BURL,74.18,2691.73517736
1264,2016-11-21,CBRL,154.16,1295.23167784
1265,2016-11-21,CTRN,20.89,9558.30136221
1266,2016-11-21,DLTR,81.99,2435.33254612
1267,2016-11-21,DSW,23.07,-8655.08952998
1268,2016-11-21,JACK,101.65,1964.31790907
1269,2016-11-21,SIG,88.88,2246.54495338
1270,2016-11-22,BKS,12.65,17438.6825726
1271,2016-11-22,BURL,86.04,-2691.73517736
1272,2016-11-22,CBRL,163.01,-1295.23167784
1273,2016-11-22,CTRN,19.15,-9558.30136221
1274,2016-11-22,DLTR,88.68,-2435.33254612
1275,2016-11-22,DSW,24.9,8655.08952998
1276,2016-11-22,JACK,107.82,-1964.31790907
1277,2016-11-22,SIG,90.79,-2246.54495338
1278,2016-11-22,GME,24.11,4969.0480827
1279,2016-11-23,GME,26.06,-4969.0480827
1280,2016-11-29,AEO,18.91,-10730.3649798
1281,2016-11-29,TITN,12.96,-15656.7285314
1282,2016-11-30,AEO,16.56,10730.3649798
1283,2016-11-30,TITN,13.99,15656.7285314
1284,2016-11-30,DG,77.32,3149.16505589
1285,2016-11-30,EXPR,13.36,18225.557045
1286,2016-11-30,KR,32.3,7538.49666009
1287,2016-12-01,BIG,50.77,2575.7762825
1288,2016-12-01,FIVE,39.88,3279.14147098
1289,2016-12-01,GCO,63.25,-2067.54406107
1290,2016-12-01,DG,73.48,-3149.16505589
1291,2016-12-01,EXPR,10.64,-18225.557045
1292,2016-12-01,KR,33.36,-7538.49666009
1293,2016-12-02,BIG,51.39,-2575.7762825
1294,2016-12-02,FIVE,43.82,-3279.14147098
1295,2016-12-02,GCO,65.0,2067.54406107
1296,2016-12-05,AZO,776.42,-257.003302215
1297,2016-12-05,BOBE,46.77,-4266.46362852
1298,2016-12-05,CONN,11.2,17816.2949916
1299,2016-12-05,FRAN,15.54,12840.5729669
1300,2016-12-05,MIK,24.31,-8208.24779538
1301,2016-12-06,AZO,779.81,257.003302215
1302,2016-12-06,BOBE,49.93,4266.46362852
1303,2016-12-06,CONN,12.2,-17816.2949916
1304,2016-12-06,FRAN,20.01,-12840.5729669
1305,2016-12-06,MIK,23.85,8208.24779538
1306,2016-12-06,PLAY,48.0,4572.84904784
1307,2016-12-07,CASY,124.22,-1481.69736648
1308,2016-12-07,COST,153.85,-1196.33699619
1309,2016-12-07,SHLD,12.12,15186.1754838
1310,2016-12-07,PLAY,57.0,-4572.84904784
1311,2016-12-08,CASY,122.0,1481.69736648
1312,2016-12-08,COST,157.59,1196.33699619
1313,2016-12-08,SHLD,12.76,-15186.1754838
1314,2016-12-08,RH,38.99,-5861.17802316
1315,2016-12-09,RH,31.92,5861.17802316
1316,2016-12-14,PIR,6.48,33197.3705723
1317,2016-12-15,PIR,8.57,-33197.3705723
1318,2016-12-20,FINL,23.01,9650.46552622
1319,2016-12-21,BBBY,45.56,4386.55598294
1320,2016-12-21,RAD,8.47,-23595.2173061
1321,2016-12-21,FINL,21.0,-9650.46552622
1322,2016-12-22,BBBY,41.38,-4386.55598294
1323,2016-12-22,RAD,8.44,23595.2173061
1324,2017-01-04,SONC,26.2,-8334.14784117
1325,2017-01-05,SONC,27.55,8334.14784117
1326,2017-01-10,SVU,33.53,6478.66279392
1327,2017-01-11,SVU,31.01,-6478.66279392
1328,2017-01-23,HZO,18.2,11845.9857393
1329,2017-01-23,MCD,121.38,1776.2147014
1330,2017-01-23,MCD,121.38,-0.0
1331,2017-01-24,HZO,20.7,-11845.9857393
1332,2017-01-25,ISCA,37.15,-5302.79253958
1333,2017-01-26,ISCA,37.55,5302.79253958
1334,2017-01-31,MNRO,59.9,-3285.25260674
1335,2017-02-01,MNRO,55.9,3285.25260674
1336,2017-02-01,MUSA,63.2,-3425.08376991
1337,2017-02-01,SBH,24.15,-8963.36622187
1338,2017-02-02,AN,51.77,-4662.81226653
1339,2017-02-02,CMG,423.3,-570.266456504
1340,2017-02-02,TUES,3.95,-61112.3521615
1341,2017-02-02,MUSA,66.7,3425.08376991
1342,2017-02-02,SBH,21.61,8963.36622187
1343,2017-02-03,AN,49.77,4662.81226653
1344,2017-02-03,CMG,404.08,570.266456504
1345,2017-02-03,TUES,3.75,61112.3521615
1346,2017-02-06,PAG,54.07,3743.84149275
1347,2017-02-07,BWLD,149.8,1216.19865529
1348,2017-02-07,ORLY,262.19,694.864634662
1349,2017-02-07,PAG,53.37,-3743.84149275
1350,2017-02-08,BWLD,157.4,-1216.19865529
1351,2017-02-08,ORLY,271.65,-694.864634662
1352,2017-02-08,CVS,77.03,-2151.50108914
1353,2017-02-08,DNKN,51.97,3188.95764665
1354,2017-02-08,WOOF,90.72,1826.83122681
1355,2017-02-08,YUM,66.59,2488.81406963
1356,2017-02-09,CVS,77.31,2151.50108914
1357,2017-02-09,DNKN,54.13,-3188.95764665
1358,2017-02-09,WOOF,90.78,-1826.83122681
1359,2017-02-09,YUM,67.39,-2488.81406963
1360,2017-02-13,RCII,8.45,24211.5659722
1361,2017-02-13,TTS,20.0,10229.3866233
1362,2017-02-14,FUN,63.95,2559.34614499
1363,2017-02-14,LAD,101.8,1607.76214118
1364,2017-02-14,PBPB,12.9,12687.6113157
1365,2017-02-14,RCII,7.98,-24211.5659722
1366,2017-02-14,TTS,17.3,-10229.3866233
1367,2017-02-15,CAB,48.54,-3122.92539523
1368,2017-02-15,CAR,40.66,3728.15540297
1369,2017-02-15,RUSHA,32.92,4604.70226867
1370,2017-02-15,WEN,14.34,10570.9064634
1371,2017-02-15,FUN,65.95,-2559.34614499
1372,2017-02-15,LAD,104.21,-1607.76214118
1373,2017-02-15,PBPB,13.8,-12687.6113157
1374,2017-02-16,AAN,29.52,5840.50540863
1375,2017-02-16,BLMN,17.91,-9626.56167855
1376,2017-02-16,RUTH,17.8,-9686.05166645
1377,2017-02-16,CAB,46.22,3122.92539523
1378,2017-02-16,CAR,35.76,-3728.15540297
1379,2017-02-16,RUSHA,34.02,-4604.70226867
1380,2017-02-16,WEN,13.69,-10570.9064634
1381,2017-02-17,AAN,26.93,-5840.50540863
1382,2017-02-17,BLMN,18.86,9626.56167855
1383,2017-02-17,RUTH,17.55,9686.05166645
1384,2017-02-21,AAP,161.15,1236.49486382
1385,2017-02-21,CBRL,160.38,1242.43139609
1386,2017-02-21,DDS,53.55,-3721.02982829
1387,2017-02-21,HD,145.02,-1374.02528827
1388,2017-02-21,LL,17.98,-11082.3774919
1389,2017-02-21,M,32.29,-6170.98629002
1390,2017-02-21,SAH,25.95,-7678.65692889
1391,2017-02-21,WMT,71.45,-2788.81941644
1392,2017-02-21,AAP,161.15,-0.0
1393,2017-02-21,CBRL,160.38,-0.0
1394,2017-02-21,DDS,53.55,-0.0
1395,2017-02-21,HD,145.02,-0.0
1396,2017-02-21,LL,17.98,-13287.966315
1397,2017-02-21,M,32.29,-0.0
1398,2017-02-21,SAH,25.95,-0.0
1399,2017-02-21,WMT,71.45,-0.0
1400,2017-02-21,CHEF,15.9,12532.1476292
1401,2017-02-21,HVT,22.95,-8682.40293267
1402,2017-02-21,PZZA,85.63,-2327.00160347
1403,2017-02-21,RRGB,47.5,4194.97152221
1404,2017-02-21,SIX,61.16,3258.03053147
1405,2017-02-21,TJX,76.24,-2613.60371596
1406,2017-02-21,TXRH,47.79,4169.51553264
1407,2017-02-22,CAKE,60.1,-4707.67479086
1408,2017-02-22,JACK,103.6,-2730.99666921
1409,2017-02-22,KSS,41.78,-6771.93046746
1410,2017-02-22,LB,58.13,-4867.2158082
1411,2017-02-22,CHEF,15.25,-12532.1476292
1412,2017-02-22,HVT,24.5,8682.40293267
1413,2017-02-22,PZZA,79.6,2327.00160347
1414,2017-02-22,RRGB,49.9,-4194.97152221
1415,2017-02-22,SIX,59.08,-3258.03053147
1416,2017-02-22,TJX,76.35,2613.60371596
1417,2017-02-22,TXRH,41.91,-4169.51553264
1418,2017-02-23,BJRI,35.65,-11588.2577725
1419,2017-02-23,DFRG,16.8,-24590.5589042
1420,2017-02-23,FL,68.58,-6023.93393978
1421,2017-02-23,GPS,23.97,17234.9349016
1422,2017-02-23,JCP,6.86,60221.7769082
1423,2017-02-23,JWN,43.94,-9401.9433225
1424,2017-02-23,CAKE,61.18,4707.67479086
1425,2017-02-23,JACK,96.7,2730.99666921
1426,2017-02-23,KSS,40.91,6771.93046746
1427,2017-02-23,LB,48.94,4867.2158082
1428,2017-02-24,BJRI,37.25,11588.2577725
1429,2017-02-24,DFRG,16.6,24590.5589042
1430,2017-02-24,FL,75.01,6023.93393978
1431,2017-02-24,GPS,24.7,-17234.9349016
1432,2017-02-24,JCP,6.46,-60221.7769082
1433,2017-02-24,JWN,46.46,9401.9433225
1434,2017-02-27,AZO,740.85,401.742951456
1435,2017-02-27,FRGI,25.95,11469.412932
1436,2017-02-27,HTZ,20.0,14881.5632793
1437,2017-02-27,SEAS,18.78,15848.3102016
1438,2017-02-27,TA,7.45,39950.5054478
1439,2017-02-27,TGT,66.91,-4448.23293359
1440,2017-02-28,AEO,15.85,11266.7986973
1441,2017-02-28,BBY,44.13,-4046.65214937
1442,2017-02-28,CHUY,28.5,6265.92138077
1443,2017-02-28,DLTR,76.68,-2328.8831423
1444,2017-02-28,LOW,74.37,-2401.22037585
1445,2017-02-28,ROST,68.58,-2603.94808037
1446,2017-02-28,AZO,736.55,-401.742951456
1447,2017-02-28,FRGI,19.85,-11469.412932
1448,2017-02-28,HTZ,22.72,-14881.5632793
1449,2017-02-28,SEAS,19.27,-15848.3102016
1450,2017-02-28,TA,6.5,-39950.5054478
1451,2017-02-28,TGT,58.77,4448.23293359
1452,2017-03-01,AEO,14.34,-11266.7986973
1453,2017-03-01,BBY,42.14,4046.65214937
1454,2017-03-01,CHUY,29.2,-6265.92138077
1455,2017-03-01,DLTR,76.84,2328.8831423
1456,2017-03-01,LOW,81.45,2401.22037585
1457,2017-03-01,ROST,66.8,2603.94808037
1458,2017-03-01,BKS,9.9,-33416.9537476
1459,2017-03-01,BURL,88.68,-3730.58008684
1460,2017-03-01,KR,32.06,10319.0218996
1461,2017-03-02,BIG,52.25,-6248.1083773
1462,2017-03-02,COST,177.98,-1834.2716188
1463,2017-03-02,HABT,13.8,23656.7871532
1464,2017-03-02,BKS,9.05,33416.9537476
1465,2017-03-02,BURL,94.59,3730.58008684
1466,2017-03-02,KR,30.67,-10319.0218996
1467,2017-03-03,BIG,54.23,6248.1083773
1468,2017-03-03,COST,170.26,1834.2716188
1469,2017-03-03,HABT,15.25,-23656.7871532
1470,2017-03-06,CASY,114.2,-2593.61969409
1471,2017-03-06,DKS,52.61,-5629.9442894
1472,2017-03-06,MIK,20.53,-14427.2464231
1473,2017-03-07,BOBE,56.74,-6786.19633037
1474,2017-03-07,EXPR,10.67,-36087.045903
1475,2017-03-07,PLCE,99.9,-3854.34213999
1476,2017-03-07,SMRT,3.19,120704.946641
1477,2017-03-07,CASY,109.78,2593.61969409
1478,2017-03-07,DKS,48.08,5629.9442894
1479,2017-03-07,MIK,21.0,14427.2464231
1480,2017-03-08,BOBE,58.59,6786.19633037
1481,2017-03-08,EXPR,9.51,36087.045903
1482,2017-03-08,PLCE,118.15,3854.34213999
1483,2017-03-08,SMRT,2.98,-120704.946641
1484,2017-03-08,SHLD,7.49,-50229.6113629
1485,2017-03-08,SIG,64.4,5841.92219112
1486,2017-03-08,SPLS,8.96,-41988.8157487
1487,2017-03-09,CTRN,16.67,-19807.6595549
1488,2017-03-09,GCO,56.4,-5854.49795711
1489,2017-03-09,HIBB,27.425,12039.8791169
1490,2017-03-09,LOCO,11.35,29091.9546062
1491,2017-03-09,SHLD,8.01,50229.6113629
1492,2017-03-09,SIG,70.02,-5841.92219112
1493,2017-03-09,SPLS,8.49,41988.8157487
1494,2017-03-10,CTRN,18.85,19807.6595549
1495,2017-03-10,GCO,61.3,5854.49795711
1496,2017-03-10,HIBB,29.75,-12039.8791169
1497,2017-03-10,LOCO,11.05,-29091.9546062
1498,2017-03-13,DSW,19.83,-14622.0948142
1499,2017-03-14,DSW,20.01,14622.0948142
1500,2017-03-15,CATO,22.98,12606.3073307
1501,2017-03-15,DG,72.81,-3978.75212826
1502,2017-03-15,WSM,48.12,6020.21908684
1503,2017-03-16,CATO,22.36,-12606.3073307
1504,2017-03-16,DG,73.2,3978.75212826
1505,2017-03-16,WSM,49.25,-6020.21908684
1506,2017-03-20,FRAN,15.53,-18637.2482182
1507,2017-03-21,FRAN,15.7,18637.2482182
1508,2017-03-22,FIVE,38.13,-7582.47132463
1509,2017-03-23,FINL,16.06,-19802.7144937
1510,2017-03-23,GME,23.96,13273.4388468
1511,2017-03-23,SPWH,5.03,-63226.9572106
1512,2017-03-23,FIVE,42.25,7582.47132463
1513,2017-03-24,FINL,12.93,19802.7144937
1514,2017-03-24,GME,20.7,-13273.4388468
1515,2017-03-24,SPWH,4.64,63226.9572106
1516,2017-03-28,PLAY,62.19,4668.47746143
1517,2017-03-28,RH,38.0,-7640.33192964
1518,2017-03-28,SONC,23.92,12137.6510588
1519,2017-03-29,PLAY,60.09,-4668.47746143
1520,2017-03-29,RH,43.68,7640.33192964
1521,2017-03-29,SONC,25.22,-12137.6510588
1522,2017-03-29,TITN,15.51,-16847.1535779
1523,2017-03-30,TITN,14.71,16847.1535779
1524,2017-04-03,CONN,8.45,-34075.525615
1525,2017-04-03,ISCA,37.15,7750.69155982
1526,2017-04-04,CONN,10.9,34075.525615
1527,2017-04-04,ISCA,39.05,-7750.69155982
1528,2017-04-05,BBBY,37.8,7435.51108645
1529,2017-04-06,BBBY,39.08,-7435.51108645
1530,2017-04-12,PIR,7.25,-38898.4916534
1531,2017-04-13,PIR,6.59,38898.4916534
1532,2017-04-17,TTS,19.4,-14669.1425225
1533,2017-04-18,LAD,83.94,-3729.32453454
1534,2017-04-18,TTS,21.0,14669.1425225
1535,2017-04-19,LAD,93.48,3729.32453454
1536,2017-04-24,AN,44.06,6324.93251308
1537,2017-04-24,DFRG,18.4,-15145.4633982
1538,2017-04-24,MCD,134.23,2076.11209511
1539,2017-04-24,RAD,3.73,-74712.2055031
1540,2017-04-24,RUSHA,36.64,7605.80039646
1541,2017-04-24,SVU,26.95,10340.5019119
1542,2017-04-25,AN,43.86,-6324.93251308
1543,2017-04-25,DFRG,18.1,15145.4633982
1544,2017-04-25,MCD,141.7,-3852.32679651
1545,2017-04-25,RAD,3.97,74712.2055031
1546,2017-04-25,RUSHA,37.5,-7605.80039646
1547,2017-04-25,SVU,28.49,-10340.5019119
1548,2017-04-25,BLMN,19.83,-11242.6233596
1549,2017-04-25,CMG,471.76,472.57338736
1550,2017-04-25,PAG,48.85,-4563.79163196
1551,2017-04-25,SAH,20.65,10796.185047
1552,2017-04-25,SIX,61.57,-3620.93911355
1553,2017-04-26,BLMN,21.0,11242.6233596
1554,2017-04-26,CMG,482.99,-472.57338736
1555,2017-04-26,PAG,47.74,4563.79163196
1556,2017-04-26,SAH,20.7,-3117.52811814
1557,2017-04-26,SIX,64.88,3620.93911355
1558,2017-04-26,BWLD,162.4,-2022.6094529
1559,2017-04-26,HZO,21.95,-14964.5455649
1560,2017-04-26,ORLY,265.07,-1239.18879975
1561,2017-04-27,AAN,32.11,-12064.8305718
1562,2017-04-27,BJRI,42.55,-9104.62302377
1563,2017-04-27,WOOF,91.65,-4226.96900886
1564,2017-04-27,BWLD,156.4,2022.6094529
1565,2017-04-27,HZO,20.75,14964.5455649
1566,2017-04-27,ORLY,257.19,1239.18879975
1567,2017-04-28,AAN,35.94,12064.8305718
1568,2017-04-28,BJRI,45.1,9104.62302377
1569,2017-04-28,WOOF,91.57,4226.96900886
1570,2017-05-01,CVS,81.96,-3488.74177406
1571,2017-05-01,HVT,23.25,12298.3774539
1572,2017-05-01,LL,24.41,11713.9400165
1573,2017-05-01,MUSA,69.1,-4138.02135748
1574,2017-05-01,RCII,10.67,-26798.2451548
1575,2017-05-01,TXRH,45.98,-6218.73153115
1576,2017-05-02,CVS,79.0,3488.74177406
1577,2017-05-02,HVT,25.6,-12298.3774539
1578,2017-05-02,LL,21.05,-631.562524554
1579,2017-05-02,MUSA,65.76,4138.02135748
1580,2017-05-02,RCII,11.86,26798.2451548
1581,2017-05-02,TXRH,51.3,6218.73153115
1582,2017-05-02,FUN,72.22,-4751.10400114
1583,2017-05-02,PBPB,13.85,-24774.348806
1584,2017-05-02,PZZA,80.47,-4264.00808951
1585,2017-05-02,YUM,66.34,5172.21481704
1586,2017-05-03,CAB,55.16,-5911.99170741
1587,2017-05-03,CAKE,67.09,-4860.71638964
1588,2017-05-03,CAR,30.84,-10574.1070876
1589,2017-05-03,DNKN,56.36,5786.11537581
1590,2017-05-03,HABT,18.9,-17254.2572794
1591,2017-05-03,SBH,19.64,-16604.1477892
1592,2017-05-03,TUES,3.15,103525.543676
1593,2017-05-03,FUN,71.13,4751.10400114
1594,2017-05-03,PBPB,11.575,24774.348806
1595,2017-05-03,PZZA,79.22,4264.00808951
1596,2017-05-03,YUM,68.25,-5172.21481704
1597,2017-05-04,CAB,55.63,5911.99170741
1598,2017-05-04,CAKE,62.585,4860.71638964
1599,2017-05-04,CAR,29.77,10574.1070876
1600,2017-05-04,DNKN,56.8,-5786.11537581
1601,2017-05-04,HABT,19.2,17254.2572794
1602,2017-05-04,SBH,19.86,16604.1477892
1603,2017-05-04,TUES,2.2,-103525.543676
1604,2017-05-04,CHUY,31.05,-11690.4052784
1605,2017-05-04,LOCO,12.5,-29038.9667115
1606,2017-05-04,RUTH,19.8,-18332.6810047
1607,2017-05-05,CHUY,30.05,11690.4052784
1608,2017-05-05,LOCO,13.9,29038.9667115
1609,2017-05-05,RUTH,21.0,18332.6810047
1610,2017-05-08,FRGI,24.35,-10375.3252824
1611,2017-05-08,HTZ,14.91,-16944.2770373
1612,2017-05-08,SEAS,17.55,-14395.3943377
1613,2017-05-08,TA,6.3,40101.4556549
1614,2017-05-09,CHEF,13.5,-22456.8151667
1615,2017-05-09,WEN,15.1,20077.2850829
1616,2017-05-09,FRGI,22.55,10375.3252824
1617,2017-05-09,HTZ,12.8,16944.2770373
1618,2017-05-09,SEAS,18.11,14395.3943377
1619,2017-05-09,TA,4.7,-40101.4556549
1620,2017-05-10,CHEF,14.95,22456.8151667
1621,2017-05-10,WEN,15.87,-20077.2850829
1622,2017-05-10,DDS,57.9,-4332.63552062
1623,2017-05-10,KSS,40.32,6221.7161866
1624,2017-05-10,M,29.34,-8550.08850184
1625,2017-05-11,DDS,47.77,8053.66534891
1626,2017-05-11,KSS,37.16,-6221.7161866
1627,2017-05-11,M,24.35,14721.0747919
1628,2017-05-11,JCP,5.29,51840.3155124
1629,2017-05-11,JWN,46.21,-5934.54380135
1630,2017-05-12,JCP,4.55,-51840.3155124
1631,2017-05-12,JWN,41.2,5934.54380135
1632,2017-05-15,DKS,47.57,-4670.46485215
1633,2017-05-15,HD,157.33,1412.15288258
1634,2017-05-15,SPLS,9.32,-23838.4134138
1635,2017-05-16,AEO,12.96,18857.3622159
1636,2017-05-16,CTRN,17.88,13668.4236196
1637,2017-05-16,JACK,101.89,-2398.58096298
1638,2017-05-16,RRGB,58.0,-4213.64507445
1639,2017-05-16,TGT,54.53,4481.77909991
1640,2017-05-16,DKS,41.04,4670.46485215
1641,2017-05-16,HD,158.26,-38.1275943127
1642,2017-05-16,SPLS,8.99,23838.4134138
1643,2017-05-17,AEO,11.05,-18857.3622159
1644,2017-05-17,CTRN,17.48,-13668.4236196
1645,2017-05-17,JACK,107.67,2398.58096298
1646,2017-05-17,RRGB,71.4,4213.64507445
1647,2017-05-17,TGT,55.04,-4481.77909991
1648,2017-05-17,CATO,21.19,-8492.56058432
1649,2017-05-17,HIBB,23.05,-7807.26068468
1650,2017-05-17,LB,48.4,-3718.12724756
1651,2017-05-17,MNRO,50.0,-3599.14717564
1652,2017-05-17,PLCE,111.6,-1612.52113604
1653,2017-05-17,SMRT,1.7,-105857.269872
1654,2017-05-17,WMT,75.12,2395.59849284
1655,2017-05-18,CATO,21.53,8492.56058432
1656,2017-05-18,HIBB,22.9,7807.26068468
1657,2017-05-18,LB,49.69,3718.12724756
1658,2017-05-18,MNRO,52.25,3599.14717564
1659,2017-05-18,PLCE,111.1,1612.52113604
1660,2017-05-18,SMRT,1.13,105857.269872
1661,2017-05-18,WMT,77.54,393.220923606
1662,2017-05-18,FL,70.45,-4023.03183838
1663,2017-05-18,GPS,23.19,12221.7590778
1664,2017-05-18,ROST,61.07,-4640.9463405
1665,2017-05-18,SPWH,4.73,59920.2099396
1666,2017-05-19,FL,58.72,4023.03183838
1667,2017-05-19,GPS,22.28,-12221.7590778
1668,2017-05-19,ROST,62.2,4640.9463405
1669,2017-05-19,SPWH,5.7,-59920.2099396
1670,2017-05-22,AZO,659.49,-281.956084492
1671,2017-05-22,CBRL,161.41,1152.01795528
1672,2017-05-22,DSW,17.65,-10535.2531537
1673,2017-05-23,AAP,140.66,-1454.15853816
1674,2017-05-23,LOW,82.34,2484.11391764
1675,2017-05-23,AZO,581.4,281.956084492
1676,2017-05-23,CBRL,161.42,-2394.44935137
1677,2017-05-23,DSW,16.21,10535.2531537
1678,2017-05-24,AAP,133.02,217.663674343
1679,2017-05-24,LOW,79.85,-2484.11391764
1680,2017-05-24,BBY,50.42,4159.51148936
1681,2017-05-24,BURL,94.01,-2230.85383782
1682,2017-05-24,DLTR,78.08,2685.99602066
1683,2017-05-24,GCO,44.55,-4707.57731298
1684,2017-05-24,SHLD,7.47,28075.3104811
1685,2017-05-24,SIG,54.53,3846.00347136
1686,2017-05-24,TITN,15.67,13383.6993806
1687,2017-05-24,WSM,49.61,-4227.42530323
1688,2017-05-25,BBY,61.25,-4159.51148936
1689,2017-05-25,BURL,98.62,2230.85383782
1690,2017-05-25,DLTR,78.8,-2685.99602066
1691,2017-05-25,GCO,34.4,4707.57731298
1692,2017-05-25,SHLD,8.48,-28075.3104811
1693,2017-05-25,SIG,50.3,-3846.00347136
1694,2017-05-25,TITN,16.73,-13383.6993806
1695,2017-05-25,WSM,49.12,4227.42530323
1696,2017-05-25,BIG,48.37,-3818.86175049
1697,2017-05-25,COST,174.73,1057.16444154
1698,2017-05-25,GME,23.62,7820.42095135
1699,2017-05-26,BIG,49.79,3818.86175049
1700,2017-05-26,COST,177.86,-1057.16444154
1701,2017-05-26,GME,22.22,-7820.42095135
1702,2017-05-31,DG,73.39,3224.40502483
1703,2017-05-31,EXPR,7.76,-30494.7274191
1704,2017-06-01,DG,78.19,-3224.40502483
1705,2017-06-01,EXPR,6.27,30494.7274191
1706,2017-06-01,FIVE,51.95,-4555.13156444
1707,2017-06-01,RH,57.25,4133.43379515
1708,2017-06-02,FIVE,52.21,4555.13156444
1709,2017-06-02,RH,42.54,-4133.43379515
1710,2017-06-05,CASY,116.5,-2030.31587156
1711,2017-06-05,CONN,18.875,12531.4860417
1712,2017-06-05,FRAN,12.11,-19531.9404654
1713,2017-06-05,MIK,19.83,11927.9777628
1714,2017-06-06,CASY,106.66,2030.31587156
1715,2017-06-06,CONN,17.15,-12531.4860417
1716,2017-06-06,FRAN,10.66,19531.9404654
1717,2017-06-06,MIK,18.16,-11927.9777628
1718,2017-06-06,PLAY,70.17,-3370.83937632
1719,2017-06-07,PLAY,72.89,3370.83937632
1720,2017-06-14,BOBE,72.06,3279.09019265
1721,2017-06-15,BOBE,68.99,-3279.09019265
